raceId,driverId,constructorId,number,grid,position,positionText,positionOrder,points,laps,fastestLap,fastestLapTime,statusId,fastestLapTime_td
1061,830,9,33,2,1,1,1,3,17,14,1:30.013,1,0 days 00:01:30.013000
1061,1,131,44,1,2,2,2,2,17,17,1:29.937,1,0 days 00:01:29.937000
1061,822,131,77,3,3,3,3,1,17,17,1:29.958,1,0 days 00:01:29.958000
1061,844,6,16,4,4,4,4,0,17,16,1:30.163,1,0 days 00:01:30.163000
1061,846,1,4,6,5,5,5,0,17,16,1:30.566,1,0 days 00:01:30.566000
1061,817,1,3,7,6,6,6,0,17,17,1:30.640,1,0 days 00:01:30.640000
1061,4,214,14,11,7,7,7,0,17,17,1:31.773,1,0 days 00:01:31.773000
1061,20,117,5,10,8,8,8,0,17,17,1:31.687,1,0 days 00:01:31.687000
1061,847,3,63,8,9,9,9,0,17,17,1:32.208,1,0 days 00:01:32.208000
1061,839,214,31,13,10,10,10,0,17,16,1:32.183,1,0 days 00:01:32.183000
1061,832,6,55,9,11,11,11,0,17,10,1:31.991,1,0 days 00:01:31.991000
1061,842,213,10,12,12,12,12,0,17,17,1:32.072,1,0 days 00:01:32.072000
1061,8,51,7,17,13,13,13,0,17,12,1:32.139,1,0 days 00:01:32.139000
1061,840,117,18,15,14,14,14,0,17,12,1:32.210,1,0 days 00:01:32.210000
1061,841,51,99,14,15,15,15,0,17,14,1:32.457,1,0 days 00:01:32.457000
1061,852,213,22,16,16,16,16,0,17,14,1:32.270,1,0 days 00:01:32.270000
1061,849,3,6,18,17,17,17,0,17,17,1:32.143,1,0 days 00:01:32.143000
1061,854,210,47,19,18,18,18,0,17,15,1:32.567,1,0 days 00:01:32.567000
1061,853,210,9,20,19,19,19,0,17,3,1:33.462,1,0 days 00:01:33.462000
1061,815,9,11,5,,R,20,0,16,6,1:31.465,76,0 days 00:01:31.465000
1065,822,131,77,1,1,1,1,3,18,9,1:23.540,1,0 days 00:01:23.540000
1065,830,9,33,3,2,2,2,2,18,9,1:23.502,1,0 days 00:01:23.502000
1065,817,1,3,5,3,3,3,1,18,17,1:24.291,1,0 days 00:01:24.291000
1065,846,1,4,4,4,4,4,0,18,9,1:24.554,1,0 days 00:01:24.554000
1065,1,131,44,2,5,5,5,0,18,9,1:24.253,1,0 days 00:01:24.253000
1065,844,6,16,8,6,6,6,0,18,18,1:24.677,1,0 days 00:01:24.677000
1065,832,6,55,7,7,7,7,0,18,8,1:24.918,1,0 days 00:01:24.918000
1065,841,51,99,10,8,8,8,0,18,10,1:25.126,1,0 days 00:01:25.126000
1065,815,9,11,9,9,9,9,0,18,12,1:24.211,1,0 days 00:01:24.211000
1065,840,117,18,12,10,10,10,0,18,8,1:25.349,1,0 days 00:01:25.349000
1065,4,214,14,13,11,11,11,0,18,8,1:25.225,1,0 days 00:01:25.225000
1065,20,117,5,11,12,12,12,0,18,8,1:25.493,1,0 days 00:01:25.493000
1065,839,214,31,14,13,13,13,0,18,8,1:25.613,1,0 days 00:01:25.613000
1065,849,3,6,16,14,14,14,0,18,9,1:25.711,1,0 days 00:01:25.711000
1065,847,3,63,15,15,15,15,0,18,15,1:25.835,1,0 days 00:01:25.835000
1065,852,213,22,17,16,16,16,0,18,18,1:25.847,1,0 days 00:01:25.847000
1065,853,210,9,20,17,17,17,0,18,7,1:26.613,1,0 days 00:01:26.613000
1065,9,51,88,19,18,18,18,0,18,12,1:26.772,1,0 days 00:01:26.772000
1065,854,210,47,18,19,19,19,0,18,7,1:26.819,1,0 days 00:01:26.819000
1065,842,213,10,6,,R,20,0,0,,,3,
1071,822,131,77,2,1,1,1,3,24,8,1:12.300,1,0 days 00:01:12.300000
1071,830,9,33,1,2,2,2,2,24,9,1:12.114,1,0 days 00:01:12.114000
1071,832,6,55,5,3,3,3,1,24,13,1:13.167,1,0 days 00:01:13.167000
1071,815,9,11,3,4,4,4,0,24,13,1:13.110,1,0 days 00:01:13.110000
1071,1,131,44,20,5,5,5,0,24,5,1:12.357,1,0 days 00:01:12.357000
1071,846,1,4,7,6,6,6,0,24,8,1:12.994,1,0 days 00:01:12.994000
1071,844,6,16,6,7,7,7,0,24,4,1:13.140,1,0 days 00:01:13.140000
1071,842,213,10,4,8,8,8,0,24,4,1:13.342,1,0 days 00:01:13.342000
1071,839,214,31,10,9,9,9,0,24,11,1:13.615,1,0 days 00:01:13.615000
1071,20,117,5,11,10,10,10,0,24,5,1:13.558,1,0 days 00:01:13.558000
1071,817,1,3,8,11,11,11,0,24,9,1:13.463,1,0 days 00:01:13.463000
1071,4,214,14,9,12,12,12,0,24,4,1:13.397,1,0 days 00:01:13.397000
1071,841,51,99,14,13,13,13,0,24,11,1:13.627,1,0 days 00:01:13.627000
1071,840,117,18,15,14,14,14,0,24,9,1:13.666,1,0 days 00:01:13.666000
1071,852,213,22,12,15,15,15,0,24,11,1:13.747,1,0 days 00:01:13.747000
1071,849,3,6,16,16,16,16,0,24,7,1:13.934,1,0 days 00:01:13.934000
1071,847,3,63,17,17,17,17,0,24,14,1:14.056,1,0 days 00:01:14.056000
1071,8,51,7,13,18,18,18,0,24,9,1:13.900,1,0 days 00:01:13.900000
1071,854,210,47,18,19,19,19,0,24,9,1:14.387,1,0 days 00:01:14.387000
1071,853,210,9,19,20,20,20,0,24,6,1:14.583,1,0 days 00:01:14.583000
1077,830,9,1,1,1,1,1,8,21,14,1:19.154,1,0 days 00:01:19.154000
1077,844,6,16,2,2,2,2,7,21,11,1:19.044,1,0 days 00:01:19.044000
1077,815,9,11,7,3,3,3,6,21,14,1:19.012,1,0 days 00:01:19.012000
1077,832,6,55,10,4,4,4,5,21,14,1:19.251,1,0 days 00:01:19.251000
1077,846,1,4,3,5,5,5,4,21,9,1:20.030,1,0 days 00:01:20.030000
1077,817,1,3,6,6,6,6,3,21,12,1:20.328,1,0 days 00:01:20.328000
1077,822,51,77,8,7,7,7,2,21,9,1:20.219,1,0 days 00:01:20.219000
1077,825,210,20,4,8,8,8,1,21,6,1:20.557,1,0 days 00:01:20.557000
1077,4,214,14,5,9,9,9,0,21,10,1:20.639,1,0 days 00:01:20.639000
1077,854,210,47,12,10,10,10,0,21,15,1:20.567,1,0 days 00:01:20.567000
1077,847,131,63,11,11,11,11,0,21,19,1:20.756,1,0 days 00:01:20.756000
1077,852,213,22,16,12,12,12,0,21,20,1:20.909,1,0 days 00:01:20.909000
1077,20,117,5,9,13,13,13,0,21,8,1:21.044,1,0 days 00:01:21.044000
1077,1,131,44,13,14,14,14,0,21,9,1:20.663,1,0 days 00:01:20.663000
1077,840,117,18,15,15,15,15,0,21,14,1:20.948,1,0 days 00:01:20.948000
1077,839,214,31,19,16,16,16,0,21,14,1:20.995,1,0 days 00:01:20.995000
1077,842,213,10,17,17,17,17,0,21,18,1:20.599,1,0 days 00:01:20.599000
1077,848,3,23,20,18,18,18,0,21,14,1:21.020,1,0 days 00:01:21.020000
1077,849,3,6,18,19,19,19,0,21,16,1:21.437,1,0 days 00:01:21.437000
1077,855,51,24,0,,R,20,0,0,,,31,
1084,830,9,1,1,1,1,1,8,23,5,1:08.455,1,0 days 00:01:08.455000
1084,844,6,16,2,2,2,2,7,23,4,1:08.321,1,0 days 00:01:08.321000
1084,832,6,55,3,3,3,3,6,23,4,1:08.409,1,0 days 00:01:08.409000
1084,847,131,63,4,4,4,4,5,23,4,1:08.979,1,0 days 00:01:08.979000
1084,815,9,11,13,5,5,5,4,23,14,1:09.137,1,0 days 00:01:09.137000
1084,839,214,31,5,6,6,6,3,23,4,1:09.384,1,0 days 00:01:09.384000
1084,825,210,20,6,7,7,7,2,23,4,1:09.232,1,0 days 00:01:09.232000
1084,1,131,44,9,8,8,8,1,23,7,1:09.516,1,0 days 00:01:09.516000
1084,854,210,47,7,9,9,9,0,23,4,1:09.457,1,0 days 00:01:09.457000
1084,822,51,77,12,10,10,10,0,23,4,1:09.674,1,0 days 00:01:09.674000
1084,846,1,4,15,11,11,11,0,23,8,1:09.909,1,0 days 00:01:09.909000
1084,817,1,3,16,12,12,12,0,23,8,1:09.996,1,0 days 00:01:09.996000
1084,840,117,18,17,13,13,13,0,23,4,1:10.295,1,0 days 00:01:10.295000
1084,855,51,24,18,14,14,14,0,23,11,1:10.165,1,0 days 00:01:10.165000
1084,842,213,10,10,15,15,15,0,23,4,1:10.409,1,0 days 00:01:10.409000
1084,848,3,23,11,16,16,16,0,23,5,1:10.367,1,0 days 00:01:10.367000
1084,852,213,22,14,17,17,17,0,23,4,1:10.267,1,0 days 00:01:10.267000
1084,849,3,6,19,18,18,18,0,23,4,1:10.284,1,0 days 00:01:10.284000
1084,20,117,5,20,19,19,19,0,21,4,1:10.317,130,0 days 00:01:10.317000
1084,4,214,14,8,,N,20,0,0,,,10,
1095,847,131,63,3,1,1,1,8,24,4,1:14.233,1,0 days 00:01:14.233000
1095,832,6,55,5,2,2,2,7,24,2,1:14.522,1,0 days 00:01:14.522000
1095,1,131,44,8,3,3,3,6,24,3,1:14.317,1,0 days 00:01:14.317000
1095,830,9,1,2,4,4,4,5,24,5,1:14.507,1,0 days 00:01:14.507000
1095,815,9,11,9,5,5,5,4,24,5,1:14.699,1,0 days 00:01:14.699000
1095,844,6,16,10,6,6,6,3,24,4,1:15.236,1,0 days 00:01:15.236000
1095,846,1,4,4,7,7,7,2,24,4,1:15.380,1,0 days 00:01:15.380000
1095,825,210,20,1,8,8,8,1,24,2,1:15.110,1,0 days 00:01:15.110000
1095,20,117,5,13,9,9,9,0,24,4,1:15.451,1,0 days 00:01:15.451000
1095,842,213,10,12,10,10,10,0,24,3,1:15.290,1,0 days 00:01:15.290000
1095,817,1,3,14,11,11,11,0,24,5,1:15.385,1,0 days 00:01:15.385000
1095,854,210,47,20,12,12,12,0,24,5,1:15.771,1,0 days 00:01:15.771000
1095,855,51,24,17,13,13,13,0,24,7,1:15.765,1,0 days 00:01:15.765000
1095,822,51,77,18,14,14,14,0,24,8,1:15.980,1,0 days 00:01:15.980000
1095,852,213,22,19,15,15,15,0,24,4,1:16.413,1,0 days 00:01:16.413000
1095,840,117,18,15,16,16,16,0,24,4,1:15.425,1,0 days 00:01:15.425000
1095,839,214,31,6,17,17,17,0,24,5,1:16.097,1,0 days 00:01:16.097000
1095,4,214,14,7,18,18,18,0,24,5,1:14.764,1,0 days 00:01:14.764000
1095,849,3,6,16,19,19,19,0,24,4,1:16.525,1,0 days 00:01:16.525000
1095,848,3,23,11,,R,20,0,12,4,1:15.998,31,0 days 00:01:15.998000
1101,815,9,11,2,1,1,1,8,17,11,1:43.616,1,0 days 00:01:43.616000
1101,844,6,16,1,2,2,2,7,17,12,1:43.646,1,0 days 00:01:43.646000
1101,830,9,1,3,3,3,3,6,17,10,1:43.723,1,0 days 00:01:43.723000
1101,847,131,63,4,4,4,4,5,17,10,1:44.409,1,0 days 00:01:44.409000
1101,832,6,55,5,5,5,5,4,17,11,1:44.398,1,0 days 00:01:44.398000
1101,4,117,14,8,6,6,6,3,17,12,1:44.544,1,0 days 00:01:44.544000
1101,1,131,44,6,7,7,7,2,17,8,1:44.601,1,0 days 00:01:44.601000
1101,840,117,18,9,8,8,8,1,17,14,1:44.855,1,0 days 00:01:44.855000
1101,848,3,23,7,9,9,9,0,17,10,1:44.915,1,0 days 00:01:44.915000
1101,857,1,81,11,10,10,10,0,17,8,1:44.776,1,0 days 00:01:44.776000
1101,825,210,20,13,11,11,11,0,17,14,1:45.349,1,0 days 00:01:45.349000
1101,855,51,24,14,12,12,12,0,17,16,1:45.766,1,0 days 00:01:45.766000
1101,842,214,10,17,13,13,13,0,17,12,1:45.883,1,0 days 00:01:45.883000
1101,856,213,21,18,14,14,14,0,17,17,1:45.768,1,0 days 00:01:45.768000
1101,807,210,27,12,15,15,15,0,17,8,1:45.971,1,0 days 00:01:45.971000
1101,822,51,77,15,16,16,16,0,17,9,1:46.277,1,0 days 00:01:46.277000
1101,846,1,4,10,17,17,17,0,17,15,1:44.484,1,0 days 00:01:44.484000
1101,839,214,31,0,18,18,18,0,17,15,1:45.090,1,0 days 00:01:45.090000
1101,852,213,22,16,,R,19,0,2,,,130,
1101,858,3,2,0,,W,20,0,0,,,3,
1107,830,9,1,1,1,1,1,8,24,19,1:14.292,1,0 days 00:01:14.292000
1107,815,9,11,2,2,2,2,7,24,16,1:15.492,1,0 days 00:01:15.492000
1107,832,6,55,5,3,3,3,6,24,16,1:15.457,1,0 days 00:01:15.457000
1107,840,117,18,7,4,4,4,5,24,23,1:15.531,1,0 days 00:01:15.531000
1107,4,117,14,6,5,5,5,4,24,18,1:14.978,1,0 days 00:01:14.978000
1107,807,210,27,4,6,6,6,3,24,24,1:10.180,1,0 days 00:01:10.180000
1107,839,214,31,8,7,7,7,2,24,22,1:15.512,1,0 days 00:01:15.512000
1107,847,131,63,15,8,8,8,1,24,23,1:10.385,1,0 days 00:01:10.385000
1107,846,1,4,3,9,9,9,0,24,19,1:15.627,1,0 days 00:01:15.627000
1107,1,131,44,18,10,10,10,0,24,24,1:10.775,1,0 days 00:01:10.775000
1107,857,1,81,17,11,11,11,0,24,24,1:10.274,1,0 days 00:01:10.274000
1107,844,6,16,9,12,12,12,0,24,24,1:10.686,1,0 days 00:01:10.686000
1107,848,3,23,11,13,13,13,0,24,24,1:11.635,1,0 days 00:01:11.635000
1107,825,210,20,10,14,14,14,0,24,23,1:10.539,1,0 days 00:01:10.539000
1107,842,214,10,12,15,15,15,0,24,22,1:16.109,1,0 days 00:01:16.109000
1107,852,213,22,13,16,16,16,0,24,23,1:11.363,1,0 days 00:01:11.363000
1107,856,213,21,14,17,17,17,0,24,22,1:11.701,1,0 days 00:01:11.701000
1107,858,3,2,20,18,18,18,0,24,21,1:11.829,1,0 days 00:01:11.829000
1107,855,51,24,16,19,19,19,0,24,22,1:11.305,1,0 days 00:01:11.305000
1107,822,51,77,0,20,20,20,0,24,22,1:16.758,1,0 days 00:01:16.758000
1110,830,9,1,1,1,1,1,8,11,6,1:58.943,1,0 days 00:01:58.943000
1110,857,1,81,2,2,2,2,7,11,2,2:00.360,1,0 days 00:02:00.360000
1110,842,214,10,6,3,3,3,6,11,6,2:01.857,1,0 days 00:02:01.857000
1110,832,6,55,3,4,4,4,5,11,7,2:01.472,1,0 days 00:02:01.472000
1110,844,6,16,4,5,5,5,4,11,7,2:02.635,1,0 days 00:02:02.635000
1110,846,1,4,5,6,6,6,3,11,8,2:02.085,1,0 days 00:02:02.085000
1110,1,131,44,7,7,7,7,2,11,7,2:00.920,1,0 days 00:02:00.920000
1110,847,131,63,10,8,8,8,1,11,10,2:01.935,1,0 days 00:02:01.935000
1110,839,214,31,9,9,9,9,0,11,6,2:03.061,1,0 days 00:02:03.061000
1110,817,213,3,11,10,10,10,0,11,8,2:02.967,1,0 days 00:02:02.967000
1110,840,117,18,14,11,11,11,0,11,6,2:03.356,1,0 days 00:02:03.356000
1110,848,3,23,12,12,12,12,0,11,6,2:03.674,1,0 days 00:02:03.674000
1110,822,51,77,17,13,13,13,0,11,6,2:03.595,1,0 days 00:02:03.595000
1110,825,210,20,18,14,14,14,0,11,6,2:03.965,1,0 days 00:02:03.965000
1110,855,51,24,19,15,15,15,0,11,6,2:04.760,1,0 days 00:02:04.760000
1110,858,3,2,13,16,16,16,0,11,6,2:03.482,1,0 days 00:02:03.482000
1110,807,210,27,20,17,17,17,0,11,6,2:03.472,1,0 days 00:02:03.472000
1110,852,213,22,16,18,18,18,0,11,7,2:02.080,1,0 days 00:02:02.080000
1110,815,9,11,8,,R,19,0,8,2,2:02.516,130,0 days 00:02:02.516000
1110,4,117,14,15,,R,20,0,2,,,3,
1115,857,1,81,1,1,1,1,8,19,17,1:25.926,1,0 days 00:01:25.926000
1115,830,9,1,3,2,2,2,7,19,17,1:25.604,1,0 days 00:01:25.604000
1115,846,1,4,2,3,3,3,6,19,19,1:25.662,1,0 days 00:01:25.662000
1115,847,131,63,4,4,4,4,5,19,18,1:27.220,1,0 days 00:01:27.220000
1115,1,131,44,12,5,5,5,4,19,19,1:27.968,1,0 days 00:01:27.968000
1115,832,6,55,5,6,6,6,3,19,7,1:28.644,1,0 days 00:01:28.644000
1115,848,3,23,17,7,7,7,2,19,16,1:28.717,1,0 days 00:01:28.717000
1115,4,117,14,9,8,8,8,1,19,16,1:28.717,1,0 days 00:01:28.717000
1115,842,214,10,11,9,9,9,0,19,16,1:28.769,1,0 days 00:01:28.769000
1115,822,51,77,13,10,10,10,0,19,17,1:29.017,1,0 days 00:01:29.017000
1115,852,213,22,18,11,11,11,0,19,17,1:29.381,1,0 days 00:01:29.381000
1115,844,6,16,6,12,12,12,0,19,8,1:28.759,1,0 days 00:01:28.759000
1115,840,117,18,16,13,13,13,0,19,17,1:29.536,1,0 days 00:01:29.536000
1115,825,210,20,19,14,14,14,0,19,17,1:29.560,1,0 days 00:01:29.560000
1115,855,51,24,15,15,15,15,0,19,17,1:29.553,1,0 days 00:01:29.553000
1115,807,210,27,7,,R,16,0,11,9,1:29.307,31,0 days 00:01:29.307000
1115,839,214,31,10,,R,17,0,10,8,1:29.388,31,0 days 00:01:29.388000
1115,815,9,11,8,,R,18,0,10,9,1:28.584,31,0 days 00:01:28.584000
1115,858,3,2,20,,R,19,0,2,2,2:03.562,31,0 days 00:02:03.562000
1115,859,213,40,14,,R,20,0,0,,,31,
1116,830,9,1,1,1,1,1,8,19,2,1:39.060,1,0 days 00:01:39.060000
1116,1,131,44,3,2,2,2,7,19,3,1:39.138,1,0 days 00:01:39.138000
1116,844,6,16,2,3,3,3,6,19,3,1:39.634,1,0 days 00:01:39.634000
1116,846,1,4,4,4,4,4,5,19,15,1:39.795,1,0 days 00:01:39.795000
1116,815,9,11,7,5,5,5,4,19,6,1:39.824,1,0 days 00:01:39.824000
1116,832,6,55,6,6,6,6,3,19,5,1:40.223,1,0 days 00:01:40.223000
1116,842,214,10,9,7,7,7,2,19,5,1:40.155,1,0 days 00:01:40.155000
1116,847,131,63,11,8,8,8,1,19,10,1:40.253,1,0 days 00:01:40.253000
1116,848,3,23,8,9,9,9,0,19,17,1:40.094,1,0 days 00:01:40.094000
1116,857,1,81,5,10,10,10,0,19,16,1:41.037,1,0 days 00:01:41.037000
1116,839,214,31,13,11,11,11,0,19,15,1:41.013,1,0 days 00:01:41.013000
1116,817,213,3,10,12,12,12,0,19,14,1:40.434,1,0 days 00:01:40.434000
1116,4,117,14,12,13,13,13,0,19,16,1:40.805,1,0 days 00:01:40.805000
1116,852,213,22,19,14,14,14,0,19,17,1:40.632,1,0 days 00:01:40.632000
1116,807,210,27,16,15,15,15,0,19,18,1:41.232,1,0 days 00:01:41.232000
1116,822,51,77,18,16,16,16,0,19,18,1:41.503,1,0 days 00:01:41.503000
1116,855,51,24,15,17,17,17,0,19,18,1:41.595,1,0 days 00:01:41.595000
1116,825,210,20,17,18,18,18,0,19,3,1:41.699,1,0 days 00:01:41.699000
1116,858,3,2,20,19,19,19,0,19,6,1:41.947,1,0 days 00:01:41.947000
1116,840,117,18,14,,R,20,0,16,5,1:41.460,23,0 days 00:01:41.460000
1118,830,9,1,2,1,1,1,8,24,3,1:14.540,1,0 days 00:01:14.540000
1118,846,1,4,1,2,2,2,7,24,3,1:14.647,1,0 days 00:01:14.647000
1118,815,9,11,3,3,3,3,6,24,2,1:15.008,1,0 days 00:01:15.008000
1118,847,131,63,4,4,4,4,5,24,2,1:14.422,1,0 days 00:01:14.422000
1118,844,6,16,7,5,5,5,4,24,3,1:15.411,1,0 days 00:01:15.411000
1118,852,213,22,6,6,6,6,3,24,2,1:15.532,1,0 days 00:01:15.532000
1118,1,131,44,5,7,7,7,2,24,2,1:15.276,1,0 days 00:01:15.276000
1118,832,6,55,9,8,8,8,1,24,3,1:15.362,1,0 days 00:01:15.362000
1118,817,213,3,8,9,9,9,0,24,2,1:15.460,1,0 days 00:01:15.460000
1118,857,1,81,10,10,10,10,0,24,2,1:15.463,1,0 days 00:01:15.463000
1118,4,117,14,15,11,11,11,0,24,4,1:15.477,1,0 days 00:01:15.477000
1118,840,117,18,17,12,12,12,0,24,3,1:15.467,1,0 days 00:01:15.467000
1118,842,214,10,13,13,13,13,0,24,3,1:15.209,1,0 days 00:01:15.209000
1118,839,214,31,16,14,14,14,0,24,3,1:15.536,1,0 days 00:01:15.536000
1118,848,3,23,19,15,15,15,0,24,3,1:15.598,1,0 days 00:01:15.598000
1118,825,210,20,11,16,16,16,0,24,3,1:15.464,1,0 days 00:01:15.464000
1118,855,51,24,18,17,17,17,0,24,3,1:15.837,1,0 days 00:01:15.837000
1118,807,210,27,12,18,18,18,0,24,3,1:15.472,1,0 days 00:01:15.472000
1118,822,51,77,14,19,19,19,0,24,3,1:15.738,1,0 days 00:01:15.738000
1118,858,3,2,20,20,20,20,0,24,4,1:15.496,1,0 days 00:01:15.496000
1125,830,9,1,4,1,1,1,8,19,3,1:40.331,1,0 days 00:01:40.331000
1125,1,131,44,2,2,2,2,7,19,3,1:40.420,1,0 days 00:01:40.420000
1125,815,9,11,6,3,3,3,6,19,4,1:41.065,1,0 days 00:01:41.065000
1125,844,6,16,7,4,4,4,5,19,4,1:41.003,1,0 days 00:01:41.003000
1125,832,6,55,5,5,5,5,4,19,4,1:40.962,1,0 days 00:01:40.962000
1125,846,1,4,1,6,6,6,3,19,4,1:40.951,1,0 days 00:01:40.951000
1125,857,1,81,8,7,7,7,2,19,3,1:41.107,1,0 days 00:01:41.107000
1125,847,131,63,11,8,8,8,1,19,5,1:41.505,1,0 days 00:01:41.505000
1125,855,15,24,10,9,9,9,0,19,4,1:41.502,1,0 days 00:01:41.502000
1125,825,210,20,12,10,10,10,0,19,5,1:42.092,1,0 days 00:01:42.092000
1125,817,215,3,14,11,11,11,0,19,6,1:42.234,1,0 days 00:01:42.234000
1125,822,15,77,9,12,12,12,0,19,6,1:42.140,1,0 days 00:01:42.140000
1125,839,214,31,17,13,13,13,0,19,4,1:42.191,1,0 days 00:01:42.191000
1125,840,117,18,15,14,14,14,0,19,5,1:42.258,1,0 days 00:01:42.258000
1125,842,214,10,16,15,15,15,0,19,4,1:42.017,1,0 days 00:01:42.017000
1125,852,215,22,19,16,16,16,0,19,4,1:42.056,1,0 days 00:01:42.056000
1125,848,3,23,18,17,17,17,0,19,8,1:42.389,1,0 days 00:01:42.389000
1125,858,3,2,20,18,18,18,0,19,7,1:42.516,1,0 days 00:01:42.516000
1125,807,210,27,13,19,19,19,0,19,5,1:42.315,1,0 days 00:01:42.315000
1125,4,117,14,3,20,20,20,0,17,3,1:40.537,31,0 days 00:01:40.537000
1126,830,9,1,1,1,1,1,8,19,4,1:30.415,1,0 days 00:01:30.415000
1126,844,6,16,2,2,2,2,7,19,4,1:30.807,1,0 days 00:01:30.807000
1126,815,9,11,3,3,3,3,6,19,19,1:30.921,1,0 days 00:01:30.921000
1126,817,215,3,4,4,4,4,5,19,4,1:31.505,1,0 days 00:01:31.505000
1126,832,6,55,5,5,5,5,4,19,17,1:31.568,1,0 days 00:01:31.568000
1126,857,1,81,6,6,6,6,3,19,19,1:31.393,1,0 days 00:01:31.393000
1126,807,210,27,10,7,7,7,2,19,8,1:31.963,1,0 days 00:01:31.963000
1126,852,215,22,15,8,8,8,1,19,16,1:31.844,1,0 days 00:01:31.844000
1126,842,214,10,16,9,9,9,0,19,6,1:32.148,1,0 days 00:01:32.148000
1126,858,3,2,18,10,10,10,0,19,6,1:32.192,1,0 days 00:01:32.192000
1126,855,15,24,17,11,11,11,0,19,7,1:32.131,1,0 days 00:01:32.131000
1126,847,131,63,11,12,12,12,0,19,8,1:32.173,1,0 days 00:01:32.173000
1126,848,3,23,20,13,13,13,0,19,6,1:32.223,1,0 days 00:01:32.223000
1126,822,15,77,19,14,14,14,0,19,7,1:32.462,1,0 days 00:01:32.462000
1126,839,214,31,13,15,15,15,0,19,19,1:32.218,1,0 days 00:01:32.218000
1126,1,131,44,12,16,16,16,0,19,16,1:31.830,1,0 days 00:01:31.830000
1126,4,117,14,8,17,17,17,0,19,7,1:32.355,1,0 days 00:01:32.355000
1126,825,210,20,14,18,18,18,0,19,5,1:32.113,1,0 days 00:01:32.113000
1126,840,117,18,7,19,19,19,0,1,,,31,
1126,846,1,4,9,20,20,20,0,0,,,31,
1131,830,9,1,1,1,1,1,8,23,8,1:09.013,1,0 days 00:01:09.013000
1131,857,1,81,3,2,2,2,7,23,2,1:08.980,1,0 days 00:01:08.980000
1131,846,1,4,2,3,3,3,6,23,2,1:08.935,1,0 days 00:01:08.935000
1131,847,131,63,4,4,4,4,5,23,4,1:09.194,1,0 days 00:01:09.194000
1131,832,6,55,5,5,5,5,4,23,4,1:09.121,1,0 days 00:01:09.121000
1131,1,131,44,6,6,6,6,3,23,5,1:09.265,1,0 days 00:01:09.265000
1131,844,6,16,10,7,7,7,2,23,5,1:09.352,1,0 days 00:01:09.352000
1131,815,9,11,7,8,8,8,1,23,4,1:09.420,1,0 days 00:01:09.420000
1131,825,210,20,11,9,9,9,0,23,13,1:09.942,1,0 days 00:01:09.942000
1131,840,117,18,12,10,10,10,0,23,11,1:10.260,1,0 days 00:01:10.260000
1131,839,214,31,8,11,11,11,0,23,9,1:10.254,1,0 days 00:01:10.254000
1131,842,214,10,9,12,12,12,0,23,10,1:10.168,1,0 days 00:01:10.168000
1131,852,215,22,14,13,13,13,0,23,5,1:10.363,1,0 days 00:01:10.363000
1131,817,215,3,16,14,14,14,0,23,5,1:10.480,1,0 days 00:01:10.480000
1131,4,117,14,13,15,15,15,0,23,5,1:10.393,1,0 days 00:01:10.393000
1131,858,3,2,15,16,16,16,0,23,6,1:10.488,1,0 days 00:01:10.488000
1131,848,3,23,0,17,17,17,0,23,8,1:10.562,1,0 days 00:01:10.562000
1131,822,15,77,18,18,18,18,0,23,8,1:10.590,1,0 days 00:01:10.590000
1131,807,210,27,17,19,19,19,0,23,4,1:10.512,1,0 days 00:01:10.512000
1131,855,15,24,19,20,20,20,0,23,6,1:10.613,1,0 days 00:01:10.613000
1139,830,9,1,1,1,1,1,8,19,19,1:37.463,1,0 days 00:01:37.463000
1139,832,6,55,5,2,2,2,7,19,19,1:37.552,1,0 days 00:01:37.552000
1139,846,1,4,4,3,3,3,6,19,17,1:38.045,1,0 days 00:01:38.045000
1139,844,6,16,3,4,4,4,5,19,11,1:37.748,1,0 days 00:01:37.748000
1139,847,131,63,2,5,5,5,4,19,4,1:38.301,1,0 days 00:01:38.301000
1139,1,131,44,7,6,6,6,3,19,17,1:38.372,1,0 days 00:01:38.372000
1139,825,210,20,8,7,7,7,2,19,6,1:38.602,1,0 days 00:01:38.602000
1139,807,210,27,6,8,8,8,1,19,16,1:38.746,1,0 days 00:01:38.746000
1139,815,9,11,11,9,9,9,0,19,19,1:38.452,1,0 days 00:01:38.452000
1139,857,1,81,16,10,10,10,0,19,19,1:37.567,1,0 days 00:01:37.567000
1139,852,215,22,9,11,11,11,0,19,19,1:39.136,1,0 days 00:01:39.136000
1139,861,3,43,10,12,12,12,0,19,19,1:39.335,1,0 days 00:01:39.335000
1139,840,117,18,13,13,13,13,0,19,19,1:39.532,1,0 days 00:01:39.532000
1139,842,214,10,12,14,14,14,0,19,19,1:39.438,1,0 days 00:01:39.438000
1139,839,214,31,17,15,15,15,0,19,7,1:38.835,1,0 days 00:01:38.835000
1139,859,215,30,15,16,16,16,0,19,7,1:39.237,1,0 days 00:01:39.237000
1139,848,3,23,0,17,17,17,0,19,17,1:39.198,1,0 days 00:01:39.198000
1139,4,117,14,14,18,18,18,0,19,18,1:39.250,1,0 days 00:01:39.250000
1139,855,15,24,19,19,19,19,0,19,17,1:39.705,1,0 days 00:01:39.705000
1139,822,15,77,18,20,20,20,0,19,16,1:39.642,1,0 days 00:01:39.642000
1141,846,1,4,2,1,1,1,8,24,15,1:11.917,1,0 days 00:01:11.917000
1141,857,1,81,1,2,2,2,7,24,17,1:11.783,1,0 days 00:01:11.783000
1141,844,6,16,3,3,3,3,6,24,3,1:11.914,1,0 days 00:01:11.914000
1141,830,9,1,4,4,4,4,5,24,18,1:11.852,1,0 days 00:01:11.852000
1141,832,6,55,5,5,5,5,4,24,17,1:11.975,1,0 days 00:01:11.975000
1141,847,131,63,6,6,6,6,3,24,12,1:12.142,1,0 days 00:01:12.142000
1141,842,214,10,7,7,7,7,2,24,19,1:12.400,1,0 days 00:01:12.400000
1141,815,9,11,13,8,8,8,1,24,24,1:11.678,1,0 days 00:01:11.678000
1141,859,215,30,8,9,9,9,0,24,18,1:12.596,1,0 days 00:01:12.596000
1141,848,3,23,9,10,10,10,0,24,24,1:11.692,1,0 days 00:01:11.692000
1141,1,131,44,11,11,11,11,0,24,21,1:12.546,1,0 days 00:01:12.546000
1141,861,3,43,14,12,12,12,0,24,15,1:12.701,1,0 days 00:01:12.701000
1141,839,214,31,16,13,13,13,0,24,16,1:12.882,1,0 days 00:01:12.882000
1141,860,210,50,10,14,14,14,0,24,4,1:12.974,1,0 days 00:01:12.974000
1141,852,215,22,17,15,15,15,0,24,14,1:12.838,1,0 days 00:01:12.838000
1141,822,15,77,15,16,16,16,0,24,24,1:12.698,1,0 days 00:01:12.698000
1141,855,15,24,0,17,17,17,0,24,3,1:13.559,1,0 days 00:01:13.559000
1141,4,117,14,0,18,18,18,0,24,16,1:13.111,1,0 days 00:01:13.111000
1141,840,117,18,0,19,19,19,0,24,3,1:13.560,1,0 days 00:01:13.560000
1141,807,210,27,12,20,20,20,0,19,16,1:12.879,43,0 days 00:01:12.879000
1143,857,1,81,3,1,1,1,8,19,17,1:24.494,1,0 days 00:01:24.494000
1143,846,1,4,1,2,2,2,7,19,13,1:24.329,1,0 days 00:01:24.329000
1143,847,131,63,2,3,3,3,6,19,18,1:24.380,1,0 days 00:01:24.380000
1143,832,6,55,4,4,4,4,5,19,16,1:24.405,1,0 days 00:01:24.405000
1143,844,6,16,5,5,5,5,4,19,18,1:23.923,1,0 days 00:01:23.923000
1143,1,131,44,7,6,6,6,3,19,18,1:24.337,1,0 days 00:01:24.337000
1143,807,210,27,9,7,7,7,2,19,18,1:24.284,1,0 days 00:01:24.284000
1143,830,9,1,6,8,8,8,1,19,18,1:24.577,1,0 days 00:01:24.577000
1143,842,214,10,8,9,9,9,0,19,19,1:24.930,1,0 days 00:01:24.930000
1143,825,210,20,15,10,10,10,0,19,18,1:24.568,1,0 days 00:01:24.568000
1143,4,117,14,11,11,11,11,0,19,19,1:24.281,1,0 days 00:01:24.281000
1143,822,15,77,13,12,12,12,0,19,12,1:25.447,1,0 days 00:01:25.447000
1143,840,117,18,14,13,13,13,0,19,18,1:25.369,1,0 days 00:01:25.369000
1143,839,214,31,17,14,14,14,0,19,19,1:25.598,1,0 days 00:01:25.598000
1143,848,3,23,12,15,15,15,0,19,18,1:25.443,1,0 days 00:01:25.443000
1143,859,215,30,10,16,16,16,0,19,18,1:25.762,1,0 days 00:01:25.762000
1143,852,215,22,16,17,17,17,0,19,17,1:25.838,1,0 days 00:01:25.838000
1143,861,3,43,0,18,18,18,0,19,18,1:25.599,1,0 days 00:01:25.599000
1143,855,15,24,18,19,19,19,0,19,19,1:25.051,1,0 days 00:01:25.051000
1143,815,9,11,0,20,20,20,0,19,18,1:24.892,1,0 days 00:01:24.892000
