driverId,year,points
1,2007,109.0
1,2008,98.0
1,2009,49.0
1,2010,240.0
1,2011,227.0
1,2012,190.0
1,2013,189.0
1,2014,384.0
1,2015,381.0
1,2016,380.0
1,2017,363.0
1,2018,408.0
1,2019,413.0
1,2020,347.0
1,2021,385.5
1,2022,233.0
1,2023,217.0
1,2024,207.0
2,2000,0.0
2,2001,12.0
2,2002,7.0
2,2003,6.0
2,2004,3.0
2,2005,28.0
2,2006,23.0
2,2007,61.0
2,2008,60.0
2,2009,19.0
2,2010,6.0
2,2011,34.0
3,2006,4.0
3,2007,20.0
3,2008,17.0
3,2009,34.5
3,2010,142.0
3,2011,89.0
3,2012,93.0
3,2013,171.0
3,2014,317.0
3,2015,322.0
3,2016,385.0
4,2001,0.0
4,2003,55.0
4,2004,59.0
4,2005,133.0
4,2006,134.0
4,2007,109.0
4,2008,61.0
4,2009,26.0
4,2010,252.0
4,2011,257.0
4,2012,278.0
4,2013,242.0
4,2014,161.0
4,2015,11.0
4,2016,54.0
4,2017,17.0
4,2018,50.0
4,2021,81.0
4,2022,81.0
4,2023,198.0
4,2024,70.0
5,2007,30.0
5,2008,53.0
5,2009,22.0
5,2010,0.0
5,2011,0.0
5,2012,0.0
5,2013,0.0
6,2007,0.0
6,2008,9.0
6,2009,0.0
7,2008,4.0
7,2009,2.0
8,2001,9.0
8,2002,24.0
8,2003,91.0
8,2004,45.0
8,2005,112.0
8,2006,65.0
8,2007,110.0
8,2008,75.0
8,2009,48.0
8,2012,207.0
8,2013,183.0
8,2014,55.0
8,2015,150.0
8,2016,186.0
8,2017,205.0
8,2018,251.0
8,2019,43.0
8,2020,4.0
8,2021,10.0
9,2006,6.0
9,2007,39.0
9,2008,75.0
9,2009,17.0
9,2010,136.0
9,2019,1.0
9,2021,0.0
10,2004,2.0
10,2008,25.0
10,2009,24.0
10,2010,0.0
10,2011,0.0
10,2012,0.0
11,2002,2.0
11,2003,3.0
11,2004,34.0
11,2005,1.0
11,2006,0.0
11,2007,4.0
11,2008,0.0
12,2008,19.0
12,2009,0.0
13,2002,4.0
13,2004,12.0
13,2005,11.0
13,2006,80.0
13,2007,94.0
13,2008,97.0
13,2009,22.0
13,2010,144.0
13,2011,118.0
13,2012,122.0
13,2013,112.0
13,2014,134.0
13,2015,121.0
13,2016,53.0
13,2017,43.0
14,1994,14.0
14,1995,49.0
14,1996,18.0
14,1997,36.0
14,1998,56.0
14,1999,48.0
14,2000,73.0
14,2001,65.0
14,2002,41.0
14,2003,51.0
14,2004,24.0
14,2005,24.0
14,2006,14.0
14,2007,14.0
14,2008,8.0
15,1997,3.0
15,1998,1.0
15,1999,7.0
15,2000,6.0
15,2001,12.0
15,2002,9.0
15,2003,33.0
15,2004,46.0
15,2005,43.0
15,2006,15.0
15,2007,8.0
15,2008,31.0
15,2009,32.5
15,2010,0.0
15,2011,0.0
16,2007,1.0
16,2008,0.0
16,2009,5.0
16,2010,47.0
16,2011,42.0
16,2013,29.0
16,2014,0.0
17,2002,2.0
17,2003,17.0
17,2004,7.0
17,2005,36.0
17,2006,7.0
17,2007,10.0
17,2008,21.0
17,2009,69.5
17,2010,242.0
17,2011,258.0
17,2012,179.0
17,2013,199.0
18,2000,12.0
18,2001,2.0
18,2002,14.0
18,2003,17.0
18,2004,85.0
18,2005,37.0
18,2006,56.0
18,2007,6.0
18,2008,3.0
18,2009,95.0
18,2010,214.0
18,2011,270.0
18,2012,188.0
18,2013,73.0
18,2014,126.0
18,2015,16.0
18,2016,21.0
18,2017,0.0
19,2002,0.0
19,2005,0.0
19,2007,0.0
19,2008,0.0
20,2007,6.0
20,2008,35.0
20,2009,84.0
20,2010,256.0
20,2011,392.0
20,2012,281.0
20,2013,397.0
20,2014,167.0
20,2015,278.0
20,2016,212.0
20,2017,317.0
20,2018,320.0
20,2019,240.0
20,2020,33.0
20,2021,43.0
20,2022,37.0
21,1996,0.0
21,1997,20.0
21,1998,16.0
21,1999,13.0
21,2000,18.0
21,2001,8.0
21,2002,7.0
21,2003,12.0
21,2004,22.0
21,2005,58.0
21,2006,72.0
21,2007,21.0
21,2008,0.0
21,2009,8.0
22,1993,2.0
22,1994,19.0
22,1995,11.0
22,1996,14.0
22,1997,6.0
22,1998,4.0
22,1999,21.0
22,2000,62.0
22,2001,56.0
22,2002,77.0
22,2003,65.0
22,2004,114.0
22,2005,38.0
22,2006,30.0
22,2007,0.0
22,2008,11.0
22,2009,77.0
22,2010,47.0
22,2011,4.0
23,1997,13.0
23,1998,14.0
23,1999,35.0
23,2000,24.0
23,2001,49.0
23,2002,42.0
23,2003,58.0
23,2004,24.0
23,2005,45.0
23,2006,20.0
23,2007,5.0
24,2005,1.0
24,2006,1.0
24,2007,3.0
24,2009,0.0
24,2010,21.0
24,2011,0.0
25,1997,4.0
25,1998,17.0
25,1999,3.0
25,2000,2.0
25,2005,6.0
25,2007,13.0
26,2006,0.0
26,2007,0.0
27,2005,4.0
27,2006,0.0
27,2007,0.0
28,2007,0.0
29,2006,0.0
29,2007,0.0
29,2010,0.0
30,1991,4.0
30,1992,53.0
30,1993,52.0
30,1994,92.0
30,1995,102.0
30,1996,59.0
30,1997,78.0
30,1998,86.0
30,1999,44.0
30,2000,108.0
30,2001,123.0
30,2002,144.0
30,2003,93.0
30,2004,148.0
30,2005,62.0
30,2006,121.0
30,2010,72.0
30,2011,76.0
30,2012,49.0
31,2001,31.0
31,2002,50.0
31,2003,82.0
31,2004,58.0
31,2005,60.0
31,2006,26.0
32,2004,3.0
32,2005,9.0
32,2006,2.0
32,2010,0.0
33,2005,7.0
33,2006,0.0
34,2006,0.0
35,1996,78.0
35,1997,81.0
35,1998,21.0
35,1999,0.0
35,2000,17.0
35,2001,12.0
35,2002,4.0
35,2003,6.0
35,2004,0.0
35,2005,9.0
35,2006,7.0
36,2006,0.0
37,1999,1.0
37,2000,2.0
37,2001,3.0
37,2002,0.0
37,2005,4.0
37,2006,19.0
37,2010,6.0
37,2011,0.0
37,2012,0.0
38,2005,0.0
38,2006,0.0
39,2005,5.0
39,2011,0.0
39,2012,0.0
40,2005,3.0
41,1999,0.0
41,2000,3.0
41,2001,0.0
41,2004,0.0
41,2005,0.0
42,2003,0.0
42,2004,6.0
42,2005,2.0
43,2003,10.0
43,2004,3.0
44,1994,9.0
44,1995,16.0
44,1996,13.0
44,1997,16.0
44,1998,0.0
44,1999,2.0
44,2001,5.0
44,2002,3.0
44,2003,6.0
44,2004,6.0
45,2004,0.0
46,2004,0.0
47,2003,0.0
47,2004,1.0
48,1999,1.0
48,2000,0.0
48,2003,4.0
48,2004,0.0
49,1994,7.0
49,1995,15.0
49,1996,7.0
49,1997,42.0
49,1998,17.0
49,1999,54.0
49,2000,11.0
49,2001,6.0
49,2002,2.0
49,2003,13.0
50,1994,10.0
50,1995,0.0
50,1996,1.0
50,1997,0.0
50,1998,0.0
50,2000,5.0
50,2001,1.0
50,2003,0.0
51,2003,1.0
52,2003,1.0
53,2003,0.0
54,2000,0.0
54,2001,0.0
55,1989,8.0
55,1990,13.0
55,1991,21.0
55,1992,18.0
55,1993,16.0
55,1994,24.0
55,1995,42.0
55,1996,47.0
55,1997,36.0
55,1998,9.0
55,1999,2.0
55,2000,0.0
55,2001,5.0
56,1993,1.0
56,1994,6.0
56,1995,10.0
56,1996,11.0
56,1997,24.0
56,1998,47.0
56,1999,74.0
56,2000,4.0
56,2001,6.0
56,2002,8.0
57,1991,2.0
57,1992,11.0
57,1993,4.0
57,1994,26.0
57,1995,17.0
57,1996,31.0
57,1997,27.0
57,1998,100.0
57,1999,76.0
57,2000,89.0
57,2001,37.0
58,1996,0.0
58,1997,0.0
58,2001,0.0
59,2001,0.0
59,2002,0.0
60,2000,0.0
60,2001,0.0
61,2001,0.0
62,2001,0.0
62,2002,0.0
63,1994,0.0
63,1995,5.0
63,1996,5.0
63,1997,2.0
63,1998,3.0
63,1999,10.0
63,2000,6.0
63,2002,2.0
64,1995,0.0
64,1996,2.0
64,1997,2.0
64,1998,3.0
64,1999,3.0
64,2000,0.0
65,1989,5.0
65,1990,0.0
65,1991,0.0
65,1992,2.0
65,1993,11.0
65,1994,0.0
65,1995,45.0
65,1996,4.0
65,1997,15.0
65,1998,1.0
65,1999,15.0
65,2000,0.0
66,2002,0.0
67,2009,6.0
67,2010,8.0
67,2011,15.0
68,1998,0.0
68,1999,0.0
69,1993,0.0
69,1995,0.0
69,1996,0.0
69,1999,0.0
69,2009,0.0
70,1991,0.0
70,1992,0.0
70,1993,1.0
70,1994,0.0
70,1999,0.0
71,1992,0.0
71,1993,69.0
71,1994,91.0
71,1995,69.0
71,1996,97.0
71,1997,7.0
71,1998,20.0
71,1999,7.0
72,1999,0.0
73,1996,0.0
73,1997,0.0
73,1998,0.0
74,1998,0.0
75,1997,2.0
75,1998,0.0
76,1995,0.0
76,1997,0.0
76,1998,1.0
77,1984,0.0
77,1985,3.0
77,1986,17.0
77,1987,36.0
77,1988,41.0
77,1989,21.0
77,1990,43.0
77,1991,43.0
77,1992,49.0
77,1993,12.0
77,1994,41.0
77,1995,31.0
77,1996,21.0
77,1997,27.0
78,1987,0.0
78,1988,0.0
78,1989,0.0
78,1990,0.0
78,1991,0.0
78,1992,0.0
78,1994,6.0
78,1997,1.0
79,1992,0.0
79,1993,0.0
79,1994,5.0
79,1995,0.0
79,1996,0.0
79,1997,0.0
80,1997,0.0
81,1990,0.0
81,1991,0.5
81,1992,0.0
81,1994,3.0
81,1995,5.0
81,1997,0.0
82,1997,0.0
83,1993,0.0
83,1994,0.0
83,1995,1.0
83,1996,0.0
84,1984,0.0
84,1985,0.0
84,1986,8.0
84,1987,2.0
84,1988,0.0
84,1989,4.0
84,1991,2.0
84,1992,38.0
84,1993,13.0
84,1994,16.0
84,1995,7.0
84,1996,8.0
85,1994,0.0
85,1995,0.0
85,1996,0.0
86,1995,0.0
86,1996,0.0
87,1991,1.0
87,1993,10.0
87,1994,8.0
87,1995,13.0
88,1988,0.0
88,1989,0.0
88,1990,6.0
88,1991,1.0
88,1992,0.0
88,1993,0.0
88,1994,0.0
88,1995,1.0
89,1994,0.0
89,1995,0.0
90,1982,0.0
90,1987,1.0
90,1989,0.0
90,1990,6.0
90,1991,8.0
90,1992,0.0
90,1995,0.0
91,1991,0.0
91,1992,3.0
91,1993,7.0
91,1994,4.0
91,1995,0.0
92,1989,0.0
92,1990,0.0
92,1991,4.0
92,1992,1.0
92,1994,0.0
92,1995,0.0
93,1994,0.0
93,1995,0.0
94,1984,0.0
94,1985,0.0
94,1988,1.0
94,1989,5.0
94,1990,0.0
94,1991,6.0
94,1992,2.0
94,1993,0.0
94,1994,4.0
94,1995,0.0
95,1980,0.0
95,1981,8.0
95,1982,7.0
95,1983,10.0
95,1984,13.0
95,1985,31.0
95,1986,72.0
95,1987,61.0
95,1988,12.0
95,1989,38.0
95,1990,37.0
95,1991,72.0
95,1992,108.0
95,1994,13.0
95,1995,0.0
96,1995,3.0
97,1995,0.0
98,1994,0.0
98,1995,0.0
99,1987,0.0
99,1988,0.0
99,1989,1.0
99,1990,0.0
99,1991,0.0
99,1992,0.0
99,1995,0.0
100,1991,0.0
100,1992,4.0
100,1993,1.0
100,1994,2.0
101,1990,0.0
101,1994,0.0
102,1984,13.0
102,1985,38.0
102,1986,55.0
102,1987,57.0
102,1988,94.0
102,1989,60.0
102,1990,78.0
102,1991,96.0
102,1992,50.0
102,1993,73.0
102,1994,0.0
103,1989,0.0
103,1990,5.0
103,1991,1.0
103,1994,4.0
104,1992,1.0
104,1993,5.0
104,1994,6.0
105,1981,0.0
105,1982,25.0
105,1983,10.0
105,1984,30.5
105,1985,53.0
105,1986,14.0
105,1987,17.0
105,1988,24.0
105,1989,6.0
105,1990,0.0
105,1991,0.0
105,1992,6.0
105,1993,0.0
105,1994,1.0
106,1994,0.0
107,1994,0.0
108,1992,0.0
108,1994,0.0
109,1989,0.0
109,1990,0.0
109,1991,4.0
109,1992,0.0
109,1993,5.0
109,1994,1.0
110,1980,0.0
110,1981,1.0
110,1982,5.0
110,1983,15.0
110,1984,3.0
110,1985,3.0
110,1986,0.0
110,1987,4.0
110,1988,3.0
110,1989,4.0
110,1990,0.0
110,1991,9.0
110,1992,8.0
110,1993,0.0
110,1994,4.0
111,1993,0.0
111,1994,0.0
112,1984,0.0
112,1985,0.0
112,1986,1.0
112,1987,3.0
112,1988,0.0
112,1989,1.0
112,1990,0.0
112,1993,2.0
112,1994,0.0
113,1994,0.0
114,1987,0.0
114,1988,0.0
114,1989,0.0
114,1990,0.0
114,1994,0.0
115,1994,0.0
116,1994,0.0
117,1980,5.0
117,1981,43.0
117,1982,34.0
117,1983,57.0
117,1984,71.5
117,1985,76.0
117,1986,74.0
117,1987,46.0
117,1988,105.0
117,1989,81.0
117,1990,73.0
117,1991,34.0
117,1993,99.0
118,1981,0.0
118,1982,0.0
118,1983,9.0
118,1984,23.0
118,1985,5.0
118,1986,0.0
118,1987,3.0
118,1988,17.0
118,1989,7.0
118,1990,3.0
118,1993,4.0
119,1977,1.0
119,1978,11.0
119,1979,2.0
119,1980,7.0
119,1981,10.0
119,1982,21.0
119,1983,13.0
119,1984,8.0
119,1985,0.0
119,1986,2.0
119,1987,6.0
119,1988,8.0
119,1989,40.0
119,1990,23.0
119,1991,53.0
119,1992,56.0
119,1993,20.0
120,1991,0.0
120,1993,2.0
121,1993,7.0
122,1985,3.0
122,1986,0.0
122,1987,1.0
122,1988,17.0
122,1989,0.0
122,1990,6.0
122,1991,1.0
122,1992,3.0
122,1993,0.0
123,1983,0.0
123,1984,5.0
123,1985,11.0
123,1986,0.0
123,1987,16.0
123,1988,27.0
123,1989,37.0
123,1990,34.0
123,1991,0.0
123,1992,2.0
123,1993,0.0
124,1993,0.0
125,1992,0.0
125,1993,0.0
126,1993,0.0
127,1988,5.0
127,1989,4.0
127,1990,1.0
127,1991,0.0
127,1992,0.0
128,1991,0.0
128,1992,0.0
129,1989,1.0
129,1990,0.0
129,1991,0.0
129,1992,0.0
130,1992,0.0
131,1987,0.0
131,1988,0.0
131,1989,4.0
131,1990,2.0
131,1991,10.0
131,1992,1.0
132,1992,0.0
133,1986,0.0
133,1987,0.0
133,1988,0.0
133,1989,4.0
133,1990,2.0
133,1991,0.0
134,1989,0.0
135,1992,0.0
136,1979,0.0
136,1980,0.0
136,1981,0.0
136,1982,0.0
136,1992,0.0
137,1978,0.0
137,1979,3.0
137,1980,54.0
137,1981,50.0
137,1982,20.0
137,1983,59.0
137,1984,29.0
137,1985,21.0
137,1986,69.0
137,1987,76.0
137,1988,22.0
137,1989,12.0
137,1990,44.0
137,1991,26.5
138,1987,7.0
138,1988,1.0
138,1989,3.0
138,1990,3.0
138,1991,2.0
139,1989,2.0
139,1990,0.0
139,1991,1.0
140,1980,0.0
140,1983,0.0
140,1984,3.0
140,1985,26.0
140,1986,23.0
140,1987,30.0
140,1988,0.0
140,1989,6.0
140,1990,0.0
140,1991,0.0
141,1988,0.0
141,1991,1.0
142,1991,0.0
143,1991,0.0
144,1991,0.0
145,1986,0.0
145,1987,0.0
145,1988,12.0
145,1989,32.0
145,1990,21.0
146,1988,0.0
146,1989,0.0
146,1990,0.0
147,1989,0.0
147,1990,0.0
148,1989,0.0
148,1990,0.0
149,1990,0.0
150,1990,0.0
151,1989,0.0
151,1990,0.0
152,1977,0.0
152,1978,0.0
152,1979,0.0
152,1980,4.0
152,1981,7.0
152,1982,2.0
152,1983,1.0
152,1990,0.0
153,2009,0.0
153,2010,5.0
153,2011,26.0
154,2009,0.0
154,2012,96.0
154,2013,132.0
154,2014,8.0
154,2015,51.0
154,2016,29.0
154,2017,28.0
154,2018,37.0
154,2019,8.0
154,2020,2.0
155,2009,3.0
155,2010,32.0
155,2011,30.0
155,2012,60.0
155,2014,0.0
156,1983,0.0
156,1984,0.0
156,1985,0.0
156,1986,0.0
156,1987,7.0
156,1988,5.0
156,1989,2.0
157,1985,0.0
157,1986,1.0
157,1987,0.0
157,1989,3.0
158,1978,0.0
158,1980,0.0
158,1981,10.0
158,1982,15.0
158,1983,22.0
158,1984,3.0
158,1985,0.0
158,1986,0.0
158,1987,8.0
158,1988,6.0
158,1989,6.0
159,1988,0.0
159,1989,1.0
160,1981,0.0
160,1983,0.0
160,1984,2.0
160,1985,0.0
160,1986,0.0
160,1987,0.0
160,1988,0.0
160,1989,0.0
161,1989,0.0
162,1988,0.0
162,1989,0.0
163,1978,0.0
163,1979,17.0
163,1980,29.0
163,1981,11.0
163,1982,28.0
163,1983,49.0
163,1984,27.0
163,1985,3.0
163,1986,14.0
163,1987,1.0
163,1988,0.0
163,1989,2.0
164,1989,0.0
165,1988,0.0
165,1989,0.0
166,1984,0.0
166,1985,4.0
166,1986,3.0
166,1987,4.0
166,1988,0.0
167,1987,0.0
167,1988,0.0
168,1983,0.0
168,1988,0.0
169,1987,0.0
170,1982,0.0
170,1984,9.0
170,1985,0.0
170,1986,2.0
170,1987,12.0
171,1987,0.0
172,1974,0.0
172,1975,6.0
172,1976,20.0
172,1977,18.0
172,1978,19.0
172,1979,36.0
172,1980,34.0
172,1981,44.0
172,1982,5.0
172,1983,11.0
172,1984,5.0
172,1985,16.0
172,1986,14.0
173,1979,3.0
173,1980,13.0
173,1981,14.0
173,1982,23.0
173,1983,2.0
173,1984,34.0
173,1985,33.0
173,1986,0.0
174,1986,3.0
175,1977,5.0
175,1978,8.0
175,1979,0.0
175,1981,1.0
175,1982,25.0
175,1983,40.0
175,1984,11.0
175,1985,11.0
175,1986,2.0
176,1979,0.0
176,1980,0.0
176,1981,4.0
176,1982,3.0
176,1983,4.0
176,1984,1.0
176,1985,5.0
176,1986,0.0
177,1978,0.0
177,1979,0.0
177,1980,6.0
177,1981,0.0
177,1982,44.0
177,1983,27.0
177,1984,20.5
177,1985,40.0
177,1986,22.0
178,1975,2.0
178,1976,7.0
178,1977,22.0
178,1978,11.0
178,1979,43.0
178,1980,71.0
178,1981,46.0
178,1983,0.0
178,1985,0.0
178,1986,4.0
179,1984,0.0
179,1985,0.0
179,1986,0.0
180,1986,0.0
181,1980,0.0
181,1982,2.0
181,1983,0.0
181,1984,0.0
181,1985,0.0
182,1971,0.0
182,1972,0.0
182,1973,2.0
182,1974,38.0
182,1975,64.5
182,1976,68.0
182,1977,72.0
182,1978,44.0
182,1979,4.0
182,1982,30.0
182,1983,12.0
182,1984,72.0
182,1985,14.0
183,1984,0.0
183,1985,0.0
184,1982,2.0
184,1983,3.0
184,1984,0.0
184,1985,0.0
185,1984,0.0
185,1985,4.0
186,1983,0.0
186,1985,0.0
187,1973,0.0
187,1974,6.0
187,1975,0.0
187,1976,20.0
187,1977,9.0
187,1978,25.0
187,1979,15.0
187,1980,6.0
187,1981,27.0
187,1982,39.0
187,1983,22.0
187,1985,0.0
188,1983,1.0
188,1984,0.0
189,1984,0.0
190,1983,0.0
190,1984,0.0
191,1980,0.0
191,1984,0.0
192,1981,0.0
192,1982,1.0
192,1983,0.0
193,1983,2.0
194,1981,1.0
194,1982,2.0
194,1983,0.0
195,1982,0.0
195,1983,0.0
196,1982,0.0
196,1983,0.0
197,1971,0.0
197,1973,0.0
197,1974,6.0
197,1975,1.5
197,1976,0.0
197,1977,1.0
197,1978,0.0
197,1979,14.0
197,1980,6.0
197,1981,0.0
197,1982,3.0
197,1983,0.0
198,1981,0.0
198,1983,0.0
199,1972,3.0
199,1973,16.0
199,1974,32.0
199,1975,37.0
199,1976,3.0
199,1977,42.0
199,1978,48.0
199,1979,25.0
199,1980,49.0
199,1981,49.0
199,1982,6.0
200,1973,0.0
200,1974,0.0
200,1975,20.0
200,1976,19.0
200,1977,25.0
200,1978,0.0
200,1979,3.0
200,1980,4.0
200,1982,0.0
201,1981,1.0
201,1982,0.0
202,1978,7.0
202,1979,14.0
202,1980,32.0
202,1981,9.0
202,1982,39.0
203,1977,0.0
203,1978,17.0
203,1979,53.0
203,1980,6.0
203,1981,25.0
203,1982,6.0
204,1982,0.0
205,1975,0.0
205,1977,0.0
205,1981,0.0
205,1982,0.0
206,1978,1.0
206,1979,0.0
206,1980,6.0
206,1981,0.0
206,1982,8.0
207,1968,0.0
207,1969,0.0
207,1970,4.0
207,1971,12.0
207,1972,4.0
207,1974,0.0
207,1975,5.0
207,1976,22.0
207,1977,47.0
207,1978,64.0
207,1979,14.0
207,1980,1.0
207,1981,3.0
207,1982,4.0
208,1976,0.0
208,1977,0.0
208,1978,0.0
208,1982,0.0
209,1978,0.0
209,1979,0.0
209,1980,0.0
209,1982,0.0
210,1982,0.0
211,1977,0.0
211,1978,0.0
211,1980,0.0
211,1982,0.0
212,1977,0.0
212,1978,1.0
212,1979,0.0
212,1980,1.0
212,1981,11.0
213,1978,0.0
213,1981,0.0
214,1980,0.0
214,1981,0.0
215,1981,0.0
216,1981,0.0
217,1979,0.0
217,1980,0.0
217,1981,0.0
218,1981,0.0
219,1974,0.0
219,1975,0.0
219,1977,0.0
219,1978,3.0
219,1979,9.0
219,1980,9.0
219,1981,0.0
220,1977,0.0
220,1981,0.0
221,1972,0.0
221,1974,14.0
221,1975,12.0
221,1976,39.0
221,1977,20.0
221,1978,34.0
221,1979,22.0
221,1980,0.0
222,1972,0.0
222,1973,0.0
222,1974,45.0
222,1975,20.0
222,1976,49.0
222,1977,55.0
222,1978,24.0
222,1979,60.0
222,1980,2.0
223,1970,33.0
223,1971,13.0
223,1972,15.0
223,1973,2.0
223,1974,52.0
223,1975,25.0
223,1976,31.0
223,1977,5.0
223,1978,4.0
223,1979,32.0
223,1980,0.0
224,1970,12.0
224,1971,16.0
224,1972,61.0
224,1973,55.0
224,1974,55.0
224,1975,45.0
224,1976,3.0
224,1977,11.0
224,1978,17.0
224,1979,1.0
224,1980,5.0
225,1980,0.0
226,1980,0.0
227,1980,0.0
228,1980,0.0
229,1975,0.0
229,1976,0.0
229,1977,0.0
229,1978,0.0
229,1980,0.0
230,1974,1.0
230,1975,6.5
230,1976,1.0
230,1977,6.0
230,1978,1.0
230,1979,0.0
230,1980,0.0
231,1973,14.0
231,1974,15.0
231,1975,33.0
231,1976,69.0
231,1977,40.0
231,1978,8.0
231,1979,0.0
232,1972,1.0
232,1973,6.0
232,1974,4.0
232,1975,0.0
232,1976,0.0
232,1977,0.0
232,1978,0.0
232,1979,0.0
233,1974,5.0
233,1975,0.0
233,1976,8.0
233,1977,12.0
233,1978,2.0
233,1979,2.0
234,1979,0.0
235,1967,1.0
235,1968,27.0
235,1969,37.0
235,1970,40.0
235,1971,19.0
235,1972,27.0
235,1973,12.0
235,1974,12.0
235,1975,3.0
235,1976,0.0
235,1977,0.0
235,1978,0.0
235,1979,3.0
236,1979,0.0
237,1976,0.0
237,1977,0.0
237,1979,0.0
238,1970,0.0
238,1971,33.0
238,1972,12.0
238,1973,52.0
238,1974,35.0
238,1975,6.0
238,1976,10.0
238,1977,7.0
238,1978,51.0
239,1975,0.0
239,1976,0.0
239,1977,0.0
239,1978,0.0
240,1977,0.0
240,1978,0.0
241,1977,0.0
241,1978,0.0
242,1976,0.0
242,1978,0.0
243,1970,10.0
243,1971,3.0
243,1972,0.0
243,1973,0.0
243,1974,0.0
243,1975,0.0
243,1976,1.0
243,1978,0.0
244,1978,0.0
245,1975,0.0
245,1976,0.0
245,1977,0.0
245,1978,0.0
246,1976,0.0
246,1977,0.0
246,1978,0.0
247,1977,0.0
247,1978,0.0
248,1978,0.0
249,1978,0.0
250,1972,3.0
250,1973,7.0
250,1974,11.0
250,1975,24.0
250,1976,7.0
250,1977,6.0
251,1974,0.0
251,1975,0.0
251,1976,0.0
251,1977,0.0
252,1974,1.0
252,1975,8.0
252,1976,10.0
252,1977,0.0
253,1976,0.0
253,1977,0.0
254,1975,0.0
254,1976,0.0
254,1977,1.0
255,1976,11.0
255,1977,20.0
256,1974,0.0
256,1976,0.0
256,1977,0.0
257,1976,0.0
257,1977,0.0
258,1976,0.0
258,1977,0.0
259,1973,0.0
259,1974,0.0
259,1977,0.0
260,1976,0.0
260,1977,0.0
261,1977,0.0
262,1967,0.0
262,1968,6.0
262,1969,1.0
262,1970,2.0
262,1971,0.0
262,1972,0.0
262,1973,4.0
262,1977,0.0
263,1977,0.0
264,1977,0.0
265,1974,0.0
265,1976,0.0
265,1977,0.0
266,1977,0.0
267,1974,0.0
267,1975,0.0
267,1977,0.0
268,1977,0.0
269,1974,0.0
269,1977,0.0
270,1974,0.0
270,1975,0.0
270,1976,0.0
270,1977,0.0
271,1976,0.0
271,1977,0.0
272,1977,0.0
273,1976,0.0
273,1977,0.0
274,1976,0.0
274,1977,0.0
275,1974,0.0
275,1975,0.5
275,1976,0.0
276,1975,0.0
276,1976,0.0
277,1975,0.0
277,1976,0.0
278,1963,0.0
278,1964,2.0
278,1965,0.0
278,1966,0.0
278,1967,20.0
278,1968,10.0
278,1969,4.0
278,1970,23.0
278,1971,9.0
278,1972,12.0
278,1973,1.0
278,1974,0.0
278,1975,0.0
278,1976,2.0
279,1976,0.0
280,1968,0.0
280,1970,8.0
280,1971,4.0
280,1972,0.0
280,1973,0.0
280,1974,0.0
280,1976,0.0
281,1976,0.0
282,1975,0.0
282,1976,0.0
283,1974,0.0
283,1975,0.0
283,1976,0.0
284,1976,0.0
285,1976,0.0
286,1976,0.0
287,1976,0.0
288,1971,4.0
288,1974,0.0
288,1975,4.0
289,1958,0.0
289,1959,0.0
289,1960,4.0
289,1961,3.0
289,1962,52.0
289,1963,29.0
289,1964,41.0
289,1965,47.0
289,1966,17.0
289,1967,15.0
289,1968,48.0
289,1969,19.0
289,1970,7.0
289,1971,2.0
289,1972,4.0
289,1973,0.0
289,1974,1.0
289,1975,0.0
290,1972,0.0
290,1973,3.0
290,1975,0.0
291,1975,0.0
292,1973,0.0
292,1974,0.0
292,1975,0.0
293,1965,0.0
293,1967,0.0
293,1968,0.0
293,1970,0.0
293,1971,0.0
293,1972,0.0
293,1973,0.0
293,1974,0.0
293,1975,0.0
294,1975,1.0
295,1975,0.0
296,1972,0.0
296,1974,0.0
296,1975,0.0
297,1975,0.0
298,1971,0.0
298,1973,1.0
298,1974,0.0
298,1975,1.0
299,1975,0.0
300,1974,0.0
300,1975,0.0
301,1975,0.0
302,1975,0.0
303,1975,0.0
304,1965,5.0
304,1966,18.0
304,1967,51.0
304,1968,33.0
304,1969,20.0
304,1970,27.0
304,1971,9.0
304,1972,39.0
304,1973,26.0
304,1974,20.0
305,1963,0.0
305,1964,1.0
305,1965,0.0
305,1971,3.0
305,1972,13.0
305,1973,0.0
305,1974,12.0
306,1967,0.0
306,1968,11.0
306,1969,21.0
306,1970,16.0
306,1971,1.0
306,1972,9.0
306,1973,9.0
306,1974,10.0
307,1971,5.0
307,1972,4.0
307,1973,1.0
307,1974,0.0
308,1974,0.0
309,1964,0.0
309,1971,0.0
309,1972,23.0
309,1973,38.0
309,1974,0.0
310,1963,0.0
310,1974,0.0
311,1974,0.0
312,1968,4.0
312,1970,0.0
312,1971,0.0
312,1972,4.0
312,1973,0.0
312,1974,0.0
313,1973,0.0
313,1974,0.0
314,1970,0.0
314,1971,5.0
314,1972,2.0
314,1973,0.0
314,1974,0.0
315,1974,0.0
316,1974,0.0
317,1970,4.0
317,1971,9.0
317,1972,0.0
317,1973,0.0
317,1974,0.0
318,1974,0.0
319,1974,0.0
320,1970,1.0
320,1971,9.0
320,1972,1.0
320,1973,0.0
320,1974,0.0
321,1968,0.0
321,1969,0.0
321,1970,1.0
321,1971,0.0
321,1972,0.0
321,1974,0.0
322,1967,0.0
322,1968,0.0
322,1971,0.0
322,1974,0.0
323,1974,0.0
324,1974,0.0
325,1974,0.0
326,1967,0.0
326,1974,0.0
327,1970,1.0
327,1971,26.0
327,1972,15.0
327,1973,47.0
328,1965,34.0
328,1966,14.0
328,1967,10.0
328,1968,36.0
328,1969,63.0
328,1970,25.0
328,1971,62.0
328,1972,45.0
328,1973,71.0
329,1971,0.0
329,1972,0.0
329,1973,0.0
330,1970,0.0
330,1971,0.0
330,1972,0.0
330,1973,0.0
331,1973,0.0
332,1973,5.0
333,1968,0.0
333,1970,0.0
333,1971,0.0
333,1972,3.0
333,1973,3.0
334,1965,0.0
334,1968,0.0
334,1971,0.0
334,1973,0.0
335,1973,0.0
336,1973,0.0
337,1971,0.0
337,1972,0.0
338,1971,0.0
338,1972,0.0
339,1970,0.0
339,1971,0.0
339,1972,0.0
340,1962,0.0
340,1963,0.0
340,1964,0.0
340,1965,0.0
340,1967,6.0
340,1968,0.0
340,1969,0.0
340,1970,0.0
340,1971,0.0
340,1972,0.0
341,1960,6.0
341,1961,4.0
341,1962,19.0
341,1963,22.0
341,1964,40.0
341,1965,17.0
341,1966,28.0
341,1967,20.0
341,1968,12.0
341,1969,6.0
341,1970,3.0
341,1971,3.0
341,1972,0.0
342,1971,0.0
342,1972,0.0
343,1968,0.0
343,1969,0.0
343,1972,0.0
344,1971,0.0
344,1972,0.0
345,1963,0.0
345,1964,1.0
345,1965,2.0
345,1966,0.0
345,1967,15.0
345,1968,18.0
345,1969,3.0
345,1970,23.0
345,1971,9.0
346,1962,0.0
346,1963,1.0
346,1964,7.0
346,1965,5.0
346,1966,3.0
346,1967,6.0
346,1968,12.0
346,1969,15.0
346,1970,0.0
346,1971,19.0
347,1956,0.0
347,1957,0.0
347,1958,3.0
347,1959,10.0
347,1960,4.0
347,1961,3.0
347,1962,3.0
347,1963,6.0
347,1964,3.0
347,1965,0.0
347,1966,1.0
347,1967,3.0
347,1968,3.0
347,1969,0.0
347,1970,0.0
347,1971,0.0
348,1971,0.0
349,1971,0.0
350,1968,5.0
350,1969,3.0
350,1971,0.0
351,1967,0.0
351,1968,2.0
351,1969,1.0
351,1970,0.0
351,1971,0.0
352,1969,0.0
352,1970,0.0
352,1971,0.0
353,1959,0.0
353,1960,0.0
353,1969,0.0
353,1970,0.0
353,1971,0.0
354,1971,0.0
355,1971,0.0
356,1955,0.0
356,1956,0.0
356,1957,0.0
356,1958,3.0
356,1959,34.0
356,1960,43.0
356,1961,4.0
356,1962,9.0
356,1963,14.0
356,1964,11.0
356,1965,9.0
356,1966,45.0
356,1967,48.0
356,1968,2.0
356,1969,14.0
356,1970,25.0
357,1969,0.0
357,1970,2.0
358,1964,0.0
358,1965,4.0
358,1966,24.0
358,1967,6.0
358,1968,8.0
358,1969,22.0
358,1970,45.0
359,1967,0.0
359,1968,6.0
359,1969,1.0
359,1970,2.0
360,1958,0.0
360,1959,16.5
360,1960,37.0
360,1961,11.0
360,1962,32.0
360,1963,17.0
360,1964,13.0
360,1965,10.0
360,1966,3.0
360,1967,3.0
360,1968,22.0
360,1969,26.0
360,1970,6.0
361,1967,0.0
361,1968,4.0
361,1969,16.0
361,1970,0.0
362,1963,0.0
362,1965,0.0
362,1969,0.0
362,1970,0.0
363,1970,3.0
364,1959,13.0
364,1960,0.0
364,1961,21.0
364,1962,15.0
364,1963,19.0
364,1964,19.0
364,1965,25.0
364,1966,4.0
364,1967,13.0
364,1968,3.0
364,1970,1.0
365,1967,0.0
365,1968,0.0
365,1970,0.0
366,1970,0.0
367,1970,0.0
368,1962,0.0
368,1963,0.0
368,1965,0.0
368,1967,0.0
368,1968,0.0
368,1969,0.0
369,1968,0.0
369,1969,0.0
370,1964,0.0
370,1965,2.0
370,1967,0.0
370,1968,6.0
370,1969,3.0
371,1967,0.0
371,1969,0.0
372,1969,0.0
373,1960,8.0
373,1961,11.0
373,1962,30.0
373,1963,73.0
373,1964,32.0
373,1965,54.0
373,1966,16.0
373,1967,41.0
373,1968,9.0
374,1963,0.0
374,1964,4.0
374,1965,10.0
374,1966,4.0
374,1967,9.0
374,1968,0.0
375,1963,1.0
375,1964,0.0
375,1965,0.0
375,1966,9.0
375,1967,1.0
375,1968,6.0
376,1959,0.0
376,1960,1.0
376,1961,0.0
376,1962,0.0
376,1963,0.0
376,1965,0.0
376,1968,5.0
377,1967,0.0
377,1968,0.0
378,1968,0.0
379,1967,0.0
379,1968,0.0
380,1964,0.0
380,1965,0.0
380,1968,0.0
381,1968,0.0
382,1963,0.0
382,1964,0.0
382,1965,0.0
382,1966,0.0
382,1967,0.0
382,1968,0.0
383,1963,0.0
383,1964,5.0
383,1965,0.0
383,1966,1.0
383,1967,2.0
384,1967,0.0
385,1961,0.0
385,1962,4.0
385,1963,6.0
385,1964,23.0
385,1965,13.0
385,1966,12.0
385,1967,0.0
386,1960,8.0
386,1961,16.0
386,1962,10.0
386,1963,34.0
386,1964,23.0
386,1965,11.0
386,1966,5.0
386,1967,0.0
387,1959,0.0
387,1966,12.0
387,1967,2.0
388,1966,0.0
388,1967,2.0
389,1966,0.0
389,1967,1.0
390,1967,0.0
391,1967,0.0
392,1967,0.0
393,1967,0.0
394,1961,9.0
394,1962,5.0
394,1963,0.0
394,1964,0.0
394,1965,0.0
394,1966,0.0
394,1967,0.0
395,1967,0.0
396,1965,0.0
396,1966,3.0
397,1962,0.0
397,1963,0.0
397,1964,11.0
397,1966,1.0
398,1960,0.0
398,1966,0.0
399,1964,0.0
399,1966,1.0
400,1966,0.0
401,1959,0.0
401,1961,0.0
401,1962,6.0
401,1963,1.0
401,1964,1.0
401,1966,0.0
402,1964,0.0
402,1965,0.0
402,1966,0.0
403,1958,9.0
403,1959,20.0
403,1960,16.0
403,1961,38.0
403,1962,14.0
403,1963,0.0
403,1964,1.0
403,1966,0.0
404,1959,5.0
404,1960,18.0
404,1961,12.0
404,1962,2.0
404,1963,6.0
404,1964,4.0
404,1965,0.0
404,1966,0.0
405,1964,0.0
405,1965,2.0
405,1966,0.0
406,1965,0.0
407,1963,0.0
407,1965,0.0
408,1961,0.0
408,1962,13.0
408,1963,9.0
408,1964,4.0
408,1965,0.0
409,1963,0.0
409,1965,0.0
410,1962,1.0
410,1963,0.0
410,1965,0.0
411,1962,0.0
411,1963,0.0
411,1965,0.0
412,1963,0.0
412,1965,0.0
413,1962,0.0
413,1963,0.0
413,1965,0.0
414,1965,0.0
415,1965,0.0
416,1965,0.0
417,1965,0.0
418,1957,10.0
418,1958,0.0
418,1959,10.0
418,1960,0.0
418,1961,0.0
418,1962,1.0
418,1963,0.0
418,1965,0.0
419,1965,0.0
420,1963,0.0
420,1964,0.0
420,1965,0.0
421,1965,0.0
422,1965,0.0
423,1963,3.0
423,1964,0.0
423,1965,0.0
424,1961,0.0
424,1962,0.0
424,1965,0.0
425,1961,0.0
425,1962,0.0
425,1965,0.0
426,1965,0.0
427,1950,0.0
427,1951,0.0
427,1952,2.0
427,1953,4.0
427,1954,17.0
427,1955,11.33
427,1956,0.0
427,1957,5.0
427,1958,12.0
427,1959,19.0
427,1960,0.0
427,1961,0.0
427,1962,0.0
427,1963,0.0
427,1964,2.0
428,1961,0.0
428,1962,0.0
428,1963,0.0
428,1964,0.0
429,1951,0.0
429,1953,0.0
429,1954,2.0
429,1956,0.0
429,1961,0.0
429,1963,0.0
429,1964,0.0
430,1957,0.0
430,1958,0.0
430,1959,0.0
430,1960,0.0
430,1961,0.0
430,1962,2.0
430,1963,2.0
430,1964,0.0
431,1953,0.0
431,1957,0.0
431,1958,0.0
431,1960,0.0
431,1961,0.0
431,1964,0.0
432,1959,0.0
432,1960,0.0
432,1963,0.0
432,1964,0.0
433,1961,0.0
433,1963,0.0
433,1964,2.0
434,1961,0.0
434,1962,0.0
434,1963,0.0
434,1964,0.0
435,1960,4.0
435,1961,0.0
435,1962,3.0
435,1963,0.0
436,1961,0.0
436,1962,0.0
436,1963,0.0
437,1958,0.0
437,1959,0.0
437,1960,0.0
437,1961,0.0
437,1962,0.0
437,1963,0.0
438,1962,0.0
438,1963,0.0
439,1960,0.0
439,1962,0.0
439,1963,0.0
440,1960,0.0
440,1961,0.0
440,1962,0.0
440,1963,3.0
441,1959,0.0
441,1961,0.0
441,1963,0.0
442,1962,0.0
442,1963,0.0
443,1963,0.0
444,1961,0.0
444,1962,0.0
444,1963,0.0
445,1962,0.0
445,1963,0.0
446,1962,0.0
446,1963,0.0
447,1961,0.0
447,1963,0.0
448,1963,0.0
449,1951,0.0
449,1952,0.0
449,1953,0.0
449,1954,0.0
449,1955,0.0
449,1956,0.0
449,1957,0.0
449,1958,0.0
449,1959,8.0
449,1960,6.0
449,1963,0.0
450,1963,0.0
451,1963,0.0
452,1963,0.0
453,1961,3.0
453,1962,0.0
454,1961,0.0
454,1962,4.0
455,1953,0.0
455,1958,0.0
455,1960,0.0
455,1961,0.0
455,1962,0.0
456,1952,0.0
456,1953,0.0
456,1954,0.0
456,1955,0.0
456,1956,0.0
456,1957,2.0
456,1958,15.0
456,1959,0.0
456,1960,0.0
456,1961,2.0
456,1962,0.0
457,1962,0.0
458,1962,0.0
459,1957,0.0
459,1958,0.0
459,1961,0.0
459,1962,0.0
460,1961,0.0
460,1962,0.0
461,1962,0.0
462,1959,0.0
462,1962,0.0
463,1962,0.0
464,1962,0.0
465,1959,0.0
465,1960,0.0
465,1961,0.0
465,1962,0.0
466,1962,0.0
467,1961,0.0
467,1962,0.0
468,1961,0.0
468,1962,0.0
469,1962,0.0
470,1962,0.0
471,1962,0.0
472,1962,0.0
473,1962,0.0
474,1962,0.0
475,1951,0.0
475,1952,0.0
475,1953,0.0
475,1954,4.0
475,1955,23.0
475,1956,28.0
475,1957,25.0
475,1958,41.0
475,1959,25.5
475,1960,19.0
475,1961,21.0
476,1956,0.0
476,1957,4.0
476,1958,9.0
476,1959,0.0
476,1960,10.0
476,1961,33.0
477,1958,3.0
477,1959,2.0
477,1960,6.0
477,1961,0.0
478,1953,0.0
478,1954,8.0
478,1955,1.0
478,1957,0.0
478,1958,0.0
478,1959,0.0
478,1960,1.0
478,1961,0.0
479,1956,0.0
479,1957,11.0
479,1958,24.0
479,1959,27.0
479,1960,7.0
479,1961,6.0
480,1961,0.0
481,1959,0.0
481,1960,3.0
481,1961,0.0
482,1956,2.0
482,1958,0.0
482,1959,3.0
482,1960,10.0
482,1961,3.0
483,1956,0.0
483,1957,1.0
483,1958,0.0
483,1959,0.0
483,1960,0.0
483,1961,0.0
484,1957,0.0
484,1958,0.0
484,1959,0.0
484,1960,0.0
484,1961,0.0
485,1961,0.0
486,1953,0.0
486,1955,0.0
486,1956,5.0
486,1957,0.0
486,1958,0.0
486,1959,0.0
486,1960,0.0
486,1961,0.0
487,1961,0.0
488,1961,0.0
489,1961,0.0
490,1961,0.0
491,1960,0.0
491,1961,0.0
492,1961,0.0
493,1961,0.0
494,1960,0.0
494,1961,0.0
495,1961,0.0
496,1953,0.0
496,1954,0.0
496,1955,2.0
496,1956,0.0
496,1957,4.0
496,1958,0.0
496,1960,3.0
497,1960,0.0
498,1950,0.0
498,1951,27.0
498,1952,6.5
498,1953,14.5
498,1954,26.64
498,1955,2.0
498,1956,0.0
498,1957,1.0
498,1960,0.0
499,1960,0.0
500,1960,0.0
501,1950,0.0
501,1951,0.0
501,1952,0.0
501,1953,0.0
501,1954,0.0
501,1955,0.0
501,1956,3.0
501,1957,10.0
501,1958,14.0
501,1959,5.0
501,1960,0.0
502,1958,0.0
502,1959,0.0
502,1960,0.0
503,1960,0.0
504,1960,0.0
505,1959,0.0
505,1960,0.0
506,1956,0.0
506,1957,0.0
506,1959,0.0
506,1960,0.0
507,1960,0.0
508,1960,0.0
509,1950,0.0
509,1952,6.0
509,1953,0.0
509,1954,0.0
509,1955,0.0
509,1956,0.0
509,1957,7.0
509,1958,2.0
509,1959,6.0
509,1960,8.0
510,1958,0.0
510,1959,2.0
510,1960,4.0
511,1959,0.0
511,1960,3.0
512,1953,0.0
512,1954,0.0
512,1955,3.0
512,1956,0.0
512,1957,0.0
512,1958,0.0
512,1959,5.0
512,1960,2.0
513,1952,0.0
513,1953,0.0
513,1954,0.0
513,1955,0.0
513,1956,0.0
513,1957,0.0
513,1958,0.0
513,1959,0.0
513,1960,1.0
514,1956,0.0
514,1957,0.0
514,1958,0.0
514,1959,0.0
514,1960,0.0
515,1960,0.0
516,1956,0.0
516,1957,0.0
516,1958,0.0
516,1959,0.0
516,1960,0.0
517,1959,0.0
517,1960,0.0
518,1950,0.0
518,1951,0.0
518,1952,3.0
518,1953,2.0
518,1954,1.5
518,1955,0.0
518,1959,0.0
518,1960,0.0
519,1954,0.0
519,1955,1.0
519,1960,0.0
520,1950,0.0
520,1952,0.0
520,1953,0.0
520,1954,0.0
520,1956,0.0
520,1957,0.0
520,1959,0.0
520,1960,0.0
521,1951,0.0
521,1952,0.0
521,1953,0.0
521,1954,0.0
521,1960,0.0
522,1959,0.0
522,1960,0.0
523,1955,0.0
523,1958,0.0
523,1960,0.0
524,1960,0.0
525,1952,0.0
525,1953,0.0
525,1954,6.0
525,1955,0.0
525,1956,0.0
525,1957,4.0
525,1958,8.0
525,1959,0.0
525,1960,0.0
526,1950,0.0
526,1951,0.0
526,1952,8.0
526,1954,1.5
526,1956,0.0
526,1957,0.0
526,1958,0.0
526,1960,0.0
527,1957,0.0
527,1958,0.0
527,1959,0.0
527,1960,0.0
528,1953,0.0
528,1954,0.0
528,1955,0.0
528,1956,4.0
528,1957,0.0
528,1958,0.0
528,1959,0.0
528,1960,0.0
529,1950,1.0
529,1951,0.0
529,1952,0.0
529,1953,0.0
529,1954,0.0
529,1955,3.0
529,1956,0.0
529,1957,0.0
529,1958,4.0
529,1959,3.0
529,1960,0.0
530,1960,0.0
531,1958,0.0
531,1959,0.0
531,1960,0.0
532,1955,0.0
532,1956,0.0
532,1957,0.0
532,1960,0.0
533,1955,0.0
533,1956,0.0
533,1957,0.0
533,1958,4.0
533,1959,0.0
533,1960,0.0
534,1951,0.0
534,1960,0.0
535,1959,0.0
535,1960,0.0
536,1958,0.0
536,1959,0.0
536,1960,0.0
537,1950,0.0
537,1956,2.0
537,1958,0.0
537,1959,0.0
537,1960,0.0
538,1955,0.0
538,1956,0.0
538,1957,0.0
538,1959,0.0
538,1960,0.0
539,1958,0.0
539,1960,0.0
540,1959,0.0
540,1960,0.0
541,1954,0.0
541,1956,4.0
541,1957,0.0
541,1958,0.0
541,1959,0.0
541,1960,1.0
542,1959,0.0
542,1960,0.0
543,1958,0.0
543,1959,0.0
543,1960,3.0
544,1960,0.0
545,1960,0.0
546,1960,0.0
547,1954,0.0
547,1955,0.0
547,1956,2.0
547,1957,0.0
547,1958,0.0
547,1960,0.0
548,1960,0.0
549,1957,0.0
549,1958,0.0
549,1959,0.0
550,1959,0.0
551,1958,0.0
551,1959,0.0
552,1959,0.0
553,1958,0.0
553,1959,0.0
554,1952,6.0
554,1953,0.0
554,1954,0.0
554,1955,6.0
554,1956,22.0
554,1957,6.0
554,1958,9.0
554,1959,2.0
555,1950,0.0
555,1953,1.5
555,1954,0.0
555,1955,3.0
555,1956,1.0
555,1957,3.0
555,1958,0.0
555,1959,0.0
556,1953,0.0
556,1954,0.0
556,1955,0.0
556,1956,0.0
556,1957,0.0
556,1959,0.0
557,1959,0.0
558,1955,0.0
558,1956,0.0
558,1957,0.0
558,1958,0.0
558,1959,0.0
559,1950,0.0
559,1953,0.0
559,1954,0.0
559,1955,0.0
559,1956,8.0
559,1959,0.0
560,1957,0.0
560,1958,0.0
560,1959,0.0
561,1955,0.0
561,1956,0.0
561,1959,0.0
562,1956,0.0
562,1957,0.0
562,1958,0.0
562,1959,0.0
563,1955,0.0
563,1957,0.0
563,1958,0.0
563,1959,0.0
564,1958,0.0
564,1959,0.0
565,1957,0.0
565,1958,0.0
565,1959,0.0
566,1958,0.0
566,1959,0.0
567,1959,0.0
568,1959,0.0
569,1959,0.0
570,1959,0.0
571,1959,0.0
572,1959,0.0
573,1957,0.0
573,1959,0.0
574,1959,0.0
575,1959,0.0
576,1959,0.0
577,1953,0.0
577,1954,6.0
577,1955,6.0
577,1956,4.0
577,1957,16.0
577,1958,12.0
578,1952,10.0
578,1953,27.0
578,1954,24.64
578,1955,0.0
578,1956,4.0
578,1957,13.0
578,1958,49.0
579,1950,27.0
579,1951,37.0
579,1953,29.5
579,1954,57.14
579,1955,41.0
579,1956,34.5
579,1957,46.0
579,1958,7.0
580,1951,0.0
580,1954,0.0
580,1956,6.0
580,1957,0.0
580,1958,0.0
581,1952,0.0
581,1953,0.0
581,1954,0.0
581,1955,0.0
581,1956,25.0
581,1957,8.0
581,1958,14.0
582,1958,0.0
583,1956,1.5
583,1958,0.0
584,1958,0.0
585,1956,0.0
585,1958,0.0
586,1955,0.0
586,1956,0.0
586,1957,0.0
586,1958,0.0
587,1958,0.0
588,1958,0.0
589,1950,4.0
589,1951,0.0
589,1953,0.0
589,1955,0.0
589,1956,0.0
589,1958,0.0
590,1957,5.0
590,1958,11.0
591,1958,6.0
592,1952,0.0
592,1954,0.0
592,1955,0.0
592,1956,0.0
592,1957,0.0
592,1958,0.0
593,1950,9.0
593,1951,0.0
593,1952,0.0
593,1953,0.0
593,1954,0.0
593,1955,0.0
593,1956,3.0
593,1957,0.0
593,1958,0.0
594,1956,0.0
594,1957,0.0
594,1958,0.0
595,1956,0.0
595,1958,0.0
596,1954,0.0
596,1955,0.0
596,1956,0.0
596,1957,0.0
596,1958,0.0
597,1954,0.0
597,1955,0.0
597,1956,0.0
597,1957,0.0
597,1958,0.0
598,1958,0.0
599,1958,0.0
600,1958,0.0
601,1957,0.0
601,1958,0.0
602,1958,0.0
603,1958,0.0
604,1958,0.0
605,1958,0.0
606,1956,3.0
606,1957,1.0
607,1955,2.0
607,1956,3.0
607,1957,0.0
608,1955,12.0
608,1956,7.5
608,1957,0.0
609,1951,0.0
609,1952,0.0
609,1955,0.0
609,1956,0.0
609,1957,0.0
610,1956,0.0
610,1957,0.0
611,1950,0.0
611,1951,0.0
611,1952,4.0
611,1953,2.0
611,1954,0.0
611,1955,0.0
611,1956,6.0
611,1957,8.0
612,1951,3.0
612,1952,0.0
612,1953,0.0
612,1954,0.0
612,1955,0.0
612,1956,0.0
612,1957,2.0
613,1953,0.0
613,1954,0.0
613,1957,0.0
614,1957,0.0
615,1950,0.0
615,1951,0.0
615,1952,0.0
615,1953,1.5
615,1954,0.0
615,1955,0.0
615,1956,0.0
615,1957,0.0
616,1957,0.0
617,1957,0.0
618,1957,0.0
619,1950,0.0
619,1951,0.0
619,1953,0.0
619,1954,0.0
619,1956,0.0
619,1957,0.0
620,1953,0.0
620,1954,2.0
620,1955,1.33
620,1956,0.0
620,1957,0.0
621,1957,0.0
622,1951,0.0
622,1952,0.0
622,1953,0.0
622,1956,1.5
623,1955,0.0
623,1956,0.0
624,1955,0.0
624,1956,2.0
625,1952,0.0
625,1953,0.0
625,1954,2.0
625,1955,0.0
625,1956,0.0
626,1950,3.0
626,1951,0.0
626,1952,9.0
626,1953,0.0
626,1954,4.0
626,1955,0.0
626,1956,0.0
627,1950,13.0
627,1951,3.0
627,1952,0.0
627,1953,0.0
627,1954,0.0
627,1955,0.0
627,1956,2.0
628,1952,0.0
628,1953,0.0
628,1954,0.0
628,1955,8.0
628,1956,0.0
629,1951,0.0
629,1952,0.0
629,1956,0.0
630,1950,0.0
630,1951,0.0
630,1953,0.0
630,1956,0.0
631,1955,0.0
631,1956,0.0
632,1952,2.0
632,1953,0.0
632,1954,0.0
632,1955,3.0
632,1956,6.0
633,1950,0.0
633,1951,18.0
633,1952,8.0
633,1953,17.0
633,1954,2.0
633,1955,2.0
633,1956,2.0
634,1956,0.0
635,1956,0.0
636,1956,0.0
637,1956,0.0
638,1954,0.0
638,1956,0.0
638,1957,0.0
639,1956,0.0
640,1950,0.0
640,1951,2.0
640,1952,0.0
640,1953,7.0
640,1954,0.0
640,1956,0.0
641,1950,0.0
641,1951,10.0
641,1952,22.0
641,1954,0.0
641,1955,9.0
641,1956,0.0
642,1950,30.0
642,1951,22.0
642,1952,27.0
642,1953,32.0
642,1954,6.0
642,1955,10.33
643,1953,0.0
643,1954,6.0
643,1955,7.0
644,1953,0.0
644,1954,4.0
644,1955,0.0
645,1954,0.0
645,1955,0.0
646,1955,0.0
647,1950,11.0
647,1951,28.0
647,1952,53.5
647,1953,46.5
647,1954,1.0
647,1955,0.0
648,1954,12.0
648,1955,5.0
649,1953,0.0
649,1955,0.0
650,1954,0.0
650,1955,0.0
651,1952,0.0
651,1953,0.0
651,1954,0.0
651,1955,0.0
652,1955,0.0
653,1950,0.0
653,1951,0.0
653,1953,0.0
653,1954,0.0
653,1955,4.0
654,1950,0.0
654,1951,0.0
654,1953,0.0
654,1954,0.0
654,1955,1.0
655,1953,0.0
655,1954,0.0
655,1955,0.0
656,1952,2.0
656,1953,6.0
656,1954,0.0
656,1955,0.0
657,1951,0.0
657,1952,1.0
657,1953,9.0
657,1954,8.0
657,1955,1.0
658,1950,0.0
658,1951,2.0
658,1952,0.0
658,1953,2.0
658,1954,5.0
658,1955,0.0
659,1950,0.0
659,1953,0.0
659,1954,0.0
659,1955,0.0
660,1950,0.0
660,1951,0.0
660,1952,0.0
660,1953,0.0
660,1955,0.0
661,1950,0.0
661,1951,0.0
661,1955,0.0
662,1955,0.0
663,1952,3.0
663,1953,0.0
663,1954,0.0
663,1955,0.0
664,1952,0.0
664,1953,0.0
664,1955,0.0
665,1954,0.0
665,1955,0.0
666,1950,0.0
666,1953,0.0
666,1955,0.0
667,1953,0.0
667,1955,0.0
668,1955,0.0
669,1950,5.0
669,1951,0.0
669,1952,0.0
669,1953,0.0
669,1954,3.0
670,1951,0.0
670,1953,4.0
670,1954,4.14
671,1954,0.0
672,1954,0.0
673,1951,6.0
673,1953,0.0
673,1954,2.0
674,1954,0.0
675,1951,2.0
675,1952,0.0
675,1953,0.0
675,1954,0.0
676,1954,0.0
677,1950,0.0
677,1952,0.0
677,1953,0.0
677,1954,0.0
678,1954,0.0
679,1953,0.0
679,1954,0.0
680,1951,0.0
680,1953,0.0
680,1954,0.0
681,1953,0.0
681,1954,0.0
682,1954,0.0
683,1954,0.0
684,1954,0.0
685,1954,0.0
686,1950,4.0
686,1951,5.0
686,1952,0.0
686,1954,0.0
687,1950,4.0
687,1951,0.0
687,1952,0.0
687,1953,0.0
687,1954,0.0
688,1952,0.0
688,1954,0.0
689,1952,2.0
689,1953,0.0
689,1954,0.0
690,1953,0.0
690,1954,0.0
691,1953,2.0
691,1954,0.0
692,1952,0.0
692,1953,0.0
692,1954,0.0
693,1953,0.0
693,1954,0.0
694,1954,0.0
695,1953,2.0
696,1953,0.0
697,1950,2.0
697,1951,7.0
697,1952,2.0
697,1953,6.5
698,1953,0.0
699,1951,0.0
699,1952,0.0
699,1953,0.0
700,1951,0.0
700,1953,0.0
701,1950,6.0
701,1953,0.0
702,1952,0.0
702,1953,0.0
702,1954,0.0
703,1952,0.0
703,1953,0.0
704,1950,3.0
704,1951,2.0
704,1952,0.0
704,1953,0.0
705,1952,0.0
705,1953,0.0
706,1953,0.0
707,1953,0.0
708,1951,0.0
708,1952,0.0
708,1953,0.0
709,1952,0.0
709,1953,0.0
710,1952,0.0
710,1953,0.0
711,1953,0.0
712,1952,0.0
712,1953,0.0
713,1953,0.0
714,1953,0.0
715,1952,0.0
715,1953,0.0
716,1953,0.0
717,1952,0.0
717,1953,0.0
718,1953,0.0
719,1953,0.0
720,1952,0.0
720,1953,0.0
721,1951,0.0
721,1952,0.0
721,1953,0.0
722,1952,0.0
722,1953,0.0
723,1951,0.0
723,1952,10.0
724,1952,0.0
725,1951,0.0
725,1952,0.0
726,1950,0.0
726,1951,0.0
726,1952,0.0
727,1952,0.0
728,1951,0.0
728,1952,0.0
729,1950,0.0
729,1951,0.0
729,1952,0.0
730,1952,0.0
730,1954,0.0
731,1950,0.0
731,1951,0.0
731,1952,0.0
732,1950,0.0
732,1951,0.0
732,1952,0.0
733,1951,0.0
733,1952,0.0
734,1951,2.0
734,1952,0.0
735,1952,0.0
736,1952,0.0
737,1952,0.0
738,1952,0.0
739,1952,0.0
740,1950,0.0
740,1952,0.0
741,1950,3.0
741,1951,0.0
741,1952,0.0
742,1952,3.0
743,1952,2.0
744,1952,0.0
745,1952,0.0
746,1952,0.0
747,1950,0.0
747,1951,0.0
747,1952,0.0
748,1952,0.0
749,1952,0.0
750,1952,0.0
751,1952,0.0
752,1952,0.0
753,1952,0.0
754,1952,0.0
755,1952,0.0
756,1950,0.0
756,1951,0.0
756,1952,0.0
757,1952,0.0
758,1952,0.0
759,1952,0.0
760,1952,0.0
761,1952,0.0
762,1950,0.0
762,1951,0.0
762,1952,0.0
763,1950,0.0
763,1951,3.0
764,1950,0.0
764,1951,0.0
765,1950,0.0
765,1951,0.0
766,1950,0.0
766,1951,9.0
767,1951,0.0
768,1950,4.0
768,1951,0.0
769,1951,0.0
770,1950,3.0
770,1951,0.0
771,1950,0.0
771,1951,0.0
772,1950,0.0
772,1951,0.0
773,1950,0.0
773,1951,0.0
774,1950,1.0
774,1951,0.0
775,1951,0.0
776,1950,0.0
776,1951,0.0
777,1951,0.0
778,1950,0.0
778,1951,0.0
779,1951,0.0
780,1950,0.0
780,1951,0.0
781,1951,0.0
782,1951,0.0
783,1951,0.0
784,1950,0.0
785,1950,0.0
786,1950,28.0
786,1951,4.0
787,1950,0.0
788,1950,0.0
789,1950,0.0
790,1950,0.0
791,1950,0.0
792,1950,0.0
793,1950,3.0
794,1950,1.0
795,1950,0.0
796,1950,0.0
797,1950,0.0
797,1953,0.0
798,1950,0.0
799,1950,0.0
799,1954,0.0
800,1950,0.0
801,1950,0.0
802,1950,3.0
803,1950,0.0
804,1953,0.0
805,1954,0.0
806,1956,0.0
807,2010,22.0
807,2012,63.0
807,2013,51.0
807,2014,96.0
807,2015,58.0
807,2016,72.0
807,2017,43.0
807,2018,69.0
807,2019,37.0
807,2020,10.0
807,2022,0.0
807,2023,6.0
807,2024,36.0
808,2010,27.0
808,2011,37.0
808,2012,0.0
810,2010,0.0
811,2010,0.0
811,2011,2.0
811,2012,31.0
812,2010,0.0
812,2011,0.0
813,2011,1.0
813,2012,45.0
813,2013,1.0
813,2014,2.0
813,2015,27.0
814,2011,27.0
814,2012,46.0
814,2013,48.0
814,2017,0.0
815,2011,14.0
815,2012,66.0
815,2013,49.0
815,2014,59.0
815,2015,78.0
815,2016,101.0
815,2017,100.0
815,2018,62.0
815,2019,52.0
815,2020,125.0
815,2021,190.0
815,2022,291.0
815,2023,260.0
815,2024,138.0
816,2011,0.0
816,2012,0.0
817,2011,0.0
817,2012,10.0
817,2013,20.0
817,2014,238.0
817,2015,92.0
817,2016,256.0
817,2017,200.0
817,2018,170.0
817,2019,54.0
817,2020,119.0
817,2021,114.0
817,2022,34.0
817,2023,6.0
817,2024,7.0
818,2012,16.0
818,2013,13.0
818,2014,22.0
819,2012,0.0
819,2013,0.0
820,2013,0.0
820,2014,0.0
821,2013,6.0
821,2014,0.0
821,2016,0.0
822,2013,4.0
822,2014,186.0
822,2015,136.0
822,2016,85.0
822,2017,305.0
822,2018,247.0
822,2019,326.0
822,2020,223.0
822,2021,219.0
822,2022,47.0
822,2023,10.0
822,2024,0.0
823,2013,0.0
824,2013,0.0
824,2014,2.0
825,2014,55.0
825,2015,0.0
825,2016,7.0
825,2017,19.0
825,2018,56.0
825,2019,20.0
825,2020,1.0
825,2022,21.0
825,2023,3.0
825,2024,14.0
826,2014,8.0
826,2015,95.0
826,2016,25.0
826,2017,5.0
826,2019,37.0
826,2020,32.0
827,2014,0.0
828,2014,0.0
828,2015,9.0
828,2016,0.0
828,2017,0.0
828,2018,9.0
829,2014,0.0
829,2015,0.0
830,2015,49.0
830,2016,204.0
830,2017,168.0
830,2018,249.0
830,2019,278.0
830,2020,214.0
830,2021,388.5
830,2022,433.0
830,2023,530.0
830,2024,399.0
831,2015,27.0
831,2016,2.0
832,2015,18.0
832,2016,46.0
832,2017,54.0
832,2018,53.0
832,2019,96.0
832,2020,105.0
832,2021,163.5
832,2022,228.0
832,2023,178.0
832,2024,262.0
833,2015,0.0
834,2015,0.0
835,2016,1.0
835,2017,8.0
836,2016,1.0
836,2017,5.0
837,2016,0.0
838,2016,1.0
838,2017,13.0
838,2018,12.0
839,2016,0.0
839,2017,87.0
839,2018,49.0
839,2020,62.0
839,2021,74.0
839,2022,89.0
839,2023,56.0
839,2024,23.0
840,2017,40.0
840,2018,6.0
840,2019,21.0
840,2020,75.0
840,2021,34.0
840,2022,18.0
840,2023,68.0
840,2024,24.0
841,2017,0.0
841,2019,14.0
841,2020,4.0
841,2021,3.0
842,2017,0.0
842,2018,29.0
842,2019,95.0
842,2020,75.0
842,2021,110.0
842,2022,23.0
842,2023,54.0
842,2024,40.0
843,2017,0.0
843,2018,4.0
844,2018,39.0
844,2019,264.0
844,2020,98.0
844,2021,159.0
844,2022,291.0
844,2023,185.0
844,2024,327.0
845,2018,1.0
846,2019,49.0
846,2020,97.0
846,2021,160.0
846,2022,116.0
846,2023,184.0
846,2024,344.0
847,2019,0.0
847,2020,3.0
847,2021,16.0
847,2022,262.0
847,2023,157.0
847,2024,226.0
848,2019,92.0
848,2020,105.0
848,2022,4.0
848,2023,25.0
848,2024,12.0
849,2020,0.0
849,2021,7.0
849,2022,2.0
850,2020,0.0
851,2020,0.0
852,2021,32.0
852,2022,12.0
852,2023,14.0
852,2024,29.0
853,2021,0.0
854,2021,0.0
854,2022,12.0
855,2022,6.0
855,2023,6.0
855,2024,4.0
856,2022,2.0
856,2023,0.0
857,2023,82.0
857,2024,265.0
858,2023,1.0
858,2024,0.0
859,2023,2.0
859,2024,4.0
860,2024,7.0
861,2024,5.0
862,2024,0.0
