year,driverId,points
1950,427,0.0
1950,498,0.0
1950,501,0.0
1950,509,0.0
1950,518,0.0
1950,520,0.0
1950,526,0.0
1950,529,1.0
1950,537,0.0
1950,555,0.0
1950,559,0.0
1950,579,27.0
1950,589,4.0
1950,593,9.0
1950,611,0.0
1950,615,0.0
1950,619,0.0
1950,626,3.0
1950,627,13.0
1950,630,0.0
1950,633,0.0
1950,640,0.0
1950,641,0.0
1950,642,30.0
1950,647,11.0
1950,653,0.0
1950,654,0.0
1950,658,0.0
1950,659,0.0
1950,660,0.0
1950,661,0.0
1950,666,0.0
1950,669,5.0
1950,677,0.0
1950,686,4.0
1950,687,4.0
1950,697,2.0
1950,701,6.0
1950,704,3.0
1950,726,0.0
1950,729,0.0
1950,731,0.0
1950,732,0.0
1950,740,0.0
1950,741,3.0
1950,747,0.0
1950,756,0.0
1950,762,0.0
1950,763,0.0
1950,764,0.0
1950,765,0.0
1950,766,0.0
1950,768,4.0
1950,770,3.0
1950,771,0.0
1950,772,0.0
1950,773,0.0
1950,774,1.0
1950,776,0.0
1950,778,0.0
1950,780,0.0
1950,784,0.0
1950,785,0.0
1950,786,28.0
1950,787,0.0
1950,788,0.0
1950,789,0.0
1950,790,0.0
1950,791,0.0
1950,792,0.0
1950,793,3.0
1950,794,1.0
1950,795,0.0
1950,796,0.0
1950,797,0.0
1950,798,0.0
1950,799,0.0
1950,800,0.0
1950,801,0.0
1950,802,3.0
1950,803,0.0
1951,427,0.0
1951,429,0.0
1951,449,0.0
1951,475,0.0
1951,498,27.0
1951,501,0.0
1951,518,0.0
1951,521,0.0
1951,526,0.0
1951,529,0.0
1951,534,0.0
1951,579,37.0
1951,580,0.0
1951,589,0.0
1951,593,0.0
1951,609,0.0
1951,611,0.0
1951,612,3.0
1951,615,0.0
1951,619,0.0
1951,622,0.0
1951,626,0.0
1951,627,3.0
1951,629,0.0
1951,630,0.0
1951,633,18.0
1951,640,2.0
1951,641,10.0
1951,642,22.0
1951,647,28.0
1951,653,0.0
1951,654,0.0
1951,657,0.0
1951,658,2.0
1951,660,0.0
1951,661,0.0
1951,669,0.0
1951,670,0.0
1951,673,6.0
1951,675,2.0
1951,680,0.0
1951,686,5.0
1951,687,0.0
1951,697,7.0
1951,699,0.0
1951,700,0.0
1951,704,2.0
1951,708,0.0
1951,721,0.0
1951,723,0.0
1951,725,0.0
1951,726,0.0
1951,728,0.0
1951,729,0.0
1951,731,0.0
1951,732,0.0
1951,733,0.0
1951,734,2.0
1951,741,0.0
1951,747,0.0
1951,756,0.0
1951,762,0.0
1951,763,3.0
1951,764,0.0
1951,765,0.0
1951,766,9.0
1951,767,0.0
1951,768,0.0
1951,769,0.0
1951,770,0.0
1951,771,0.0
1951,772,0.0
1951,773,0.0
1951,774,0.0
1951,775,0.0
1951,776,0.0
1951,777,0.0
1951,778,0.0
1951,779,0.0
1951,780,0.0
1951,781,0.0
1951,782,0.0
1951,783,0.0
1951,786,4.0
1952,427,2.0
1952,449,0.0
1952,456,0.0
1952,475,0.0
1952,498,6.5
1952,501,0.0
1952,509,6.0
1952,513,0.0
1952,518,3.0
1952,520,0.0
1952,521,0.0
1952,525,0.0
1952,526,8.0
1952,529,0.0
1952,554,6.0
1952,578,10.0
1952,581,0.0
1952,592,0.0
1952,593,0.0
1952,609,0.0
1952,611,4.0
1952,612,0.0
1952,615,0.0
1952,622,0.0
1952,625,0.0
1952,626,9.0
1952,627,0.0
1952,628,0.0
1952,629,0.0
1952,632,2.0
1952,633,8.0
1952,640,0.0
1952,641,22.0
1952,642,27.0
1952,647,53.5
1952,651,0.0
1952,656,2.0
1952,657,1.0
1952,658,0.0
1952,660,0.0
1952,663,3.0
1952,664,0.0
1952,669,0.0
1952,675,0.0
1952,677,0.0
1952,686,0.0
1952,687,0.0
1952,688,0.0
1952,689,2.0
1952,692,0.0
1952,697,2.0
1952,699,0.0
1952,702,0.0
1952,703,0.0
1952,704,0.0
1952,705,0.0
1952,708,0.0
1952,709,0.0
1952,710,0.0
1952,712,0.0
1952,715,0.0
1952,717,0.0
1952,720,0.0
1952,721,0.0
1952,722,0.0
1952,723,10.0
1952,724,0.0
1952,725,0.0
1952,726,0.0
1952,727,0.0
1952,728,0.0
1952,729,0.0
1952,730,0.0
1952,731,0.0
1952,732,0.0
1952,733,0.0
1952,734,0.0
1952,735,0.0
1952,736,0.0
1952,737,0.0
1952,738,0.0
1952,739,0.0
1952,740,0.0
1952,741,0.0
1952,742,3.0
1952,743,2.0
1952,744,0.0
1952,745,0.0
1952,746,0.0
1952,747,0.0
1952,748,0.0
1952,749,0.0
1952,750,0.0
1952,751,0.0
1952,752,0.0
1952,753,0.0
1952,754,0.0
1952,755,0.0
1952,756,0.0
1952,757,0.0
1952,758,0.0
1952,759,0.0
1952,760,0.0
1952,761,0.0
1952,762,0.0
1953,427,4.0
1953,429,0.0
1953,431,0.0
1953,449,0.0
1953,455,0.0
1953,456,0.0
1953,475,0.0
1953,478,0.0
1953,486,0.0
1953,496,0.0
1953,498,14.5
1953,501,0.0
1953,509,0.0
1953,512,0.0
1953,513,0.0
1953,518,2.0
1953,520,0.0
1953,521,0.0
1953,525,0.0
1953,528,0.0
1953,529,0.0
1953,554,0.0
1953,555,1.5
1953,556,0.0
1953,559,0.0
1953,577,0.0
1953,578,27.0
1953,579,29.5
1953,581,0.0
1953,589,0.0
1953,593,0.0
1953,611,2.0
1953,612,0.0
1953,613,0.0
1953,615,1.5
1953,619,0.0
1953,620,0.0
1953,622,0.0
1953,625,0.0
1953,626,0.0
1953,627,0.0
1953,628,0.0
1953,630,0.0
1953,632,0.0
1953,633,17.0
1953,640,7.0
1953,642,32.0
1953,643,0.0
1953,644,0.0
1953,647,46.5
1953,649,0.0
1953,651,0.0
1953,653,0.0
1953,654,0.0
1953,655,0.0
1953,656,6.0
1953,657,9.0
1953,658,2.0
1953,659,0.0
1953,660,0.0
1953,663,0.0
1953,664,0.0
1953,666,0.0
1953,667,0.0
1953,669,0.0
1953,670,4.0
1953,673,0.0
1953,675,0.0
1953,677,0.0
1953,679,0.0
1953,680,0.0
1953,681,0.0
1953,687,0.0
1953,689,0.0
1953,690,0.0
1953,691,2.0
1953,692,0.0
1953,693,0.0
1953,695,2.0
1953,696,0.0
1953,697,6.5
1953,698,0.0
1953,699,0.0
1953,700,0.0
1953,701,0.0
1953,702,0.0
1953,703,0.0
1953,704,0.0
1953,705,0.0
1953,706,0.0
1953,707,0.0
1953,708,0.0
1953,709,0.0
1953,710,0.0
1953,711,0.0
1953,712,0.0
1953,713,0.0
1953,714,0.0
1953,715,0.0
1953,716,0.0
1953,717,0.0
1953,718,0.0
1953,719,0.0
1953,720,0.0
1953,721,0.0
1953,722,0.0
1953,797,0.0
1953,804,0.0
1954,427,17.0
1954,429,2.0
1954,449,0.0
1954,456,0.0
1954,475,4.0
1954,478,8.0
1954,496,0.0
1954,498,26.64
1954,501,0.0
1954,509,0.0
1954,512,0.0
1954,513,0.0
1954,518,1.5
1954,519,0.0
1954,520,0.0
1954,521,0.0
1954,525,6.0
1954,526,1.5
1954,528,0.0
1954,529,0.0
1954,541,0.0
1954,547,0.0
1954,554,0.0
1954,555,0.0
1954,556,0.0
1954,559,0.0
1954,577,6.0
1954,578,24.64
1954,579,57.14
1954,580,0.0
1954,581,0.0
1954,592,0.0
1954,593,0.0
1954,596,0.0
1954,597,0.0
1954,611,0.0
1954,612,0.0
1954,613,0.0
1954,615,0.0
1954,619,0.0
1954,620,2.0
1954,625,2.0
1954,626,4.0
1954,627,0.0
1954,628,0.0
1954,632,0.0
1954,633,2.0
1954,638,0.0
1954,640,0.0
1954,641,0.0
1954,642,6.0
1954,643,6.0
1954,644,4.0
1954,645,0.0
1954,647,1.0
1954,648,12.0
1954,650,0.0
1954,651,0.0
1954,653,0.0
1954,654,0.0
1954,655,0.0
1954,656,0.0
1954,657,8.0
1954,658,5.0
1954,659,0.0
1954,663,0.0
1954,665,0.0
1954,669,3.0
1954,670,4.14
1954,671,0.0
1954,672,0.0
1954,673,2.0
1954,674,0.0
1954,675,0.0
1954,676,0.0
1954,677,0.0
1954,678,0.0
1954,679,0.0
1954,680,0.0
1954,681,0.0
1954,682,0.0
1954,683,0.0
1954,684,0.0
1954,685,0.0
1954,686,0.0
1954,687,0.0
1954,688,0.0
1954,689,0.0
1954,690,0.0
1954,691,0.0
1954,692,0.0
1954,693,0.0
1954,694,0.0
1954,702,0.0
1954,730,0.0
1954,799,0.0
1954,805,0.0
1955,356,0.0
1955,427,11.33
1955,449,0.0
1955,456,0.0
1955,475,23.0
1955,478,1.0
1955,486,0.0
1955,496,2.0
1955,498,2.0
1955,501,0.0
1955,509,0.0
1955,512,3.0
1955,513,0.0
1955,518,0.0
1955,519,1.0
1955,523,0.0
1955,525,0.0
1955,528,0.0
1955,529,3.0
1955,532,0.0
1955,533,0.0
1955,538,0.0
1955,547,0.0
1955,554,6.0
1955,555,3.0
1955,556,0.0
1955,558,0.0
1955,559,0.0
1955,561,0.0
1955,563,0.0
1955,577,6.0
1955,578,0.0
1955,579,41.0
1955,581,0.0
1955,586,0.0
1955,589,0.0
1955,592,0.0
1955,593,0.0
1955,596,0.0
1955,597,0.0
1955,607,2.0
1955,608,12.0
1955,609,0.0
1955,611,0.0
1955,612,0.0
1955,615,0.0
1955,620,1.33
1955,623,0.0
1955,624,0.0
1955,625,0.0
1955,626,0.0
1955,627,0.0
1955,628,8.0
1955,631,0.0
1955,632,3.0
1955,633,2.0
1955,641,9.0
1955,642,10.33
1955,643,7.0
1955,644,0.0
1955,645,0.0
1955,646,0.0
1955,647,0.0
1955,648,5.0
1955,649,0.0
1955,650,0.0
1955,651,0.0
1955,652,0.0
1955,653,4.0
1955,654,1.0
1955,655,0.0
1955,656,0.0
1955,657,1.0
1955,658,0.0
1955,659,0.0
1955,660,0.0
1955,661,0.0
1955,662,0.0
1955,663,0.0
1955,664,0.0
1955,665,0.0
1955,666,0.0
1955,667,0.0
1955,668,0.0
1956,347,0.0
1956,356,0.0
1956,427,0.0
1956,429,0.0
1956,449,0.0
1956,456,0.0
1956,475,28.0
1956,476,0.0
1956,479,0.0
1956,482,2.0
1956,483,0.0
1956,486,5.0
1956,496,0.0
1956,498,0.0
1956,501,3.0
1956,506,0.0
1956,509,0.0
1956,512,0.0
1956,513,0.0
1956,514,0.0
1956,516,0.0
1956,520,0.0
1956,525,0.0
1956,526,0.0
1956,528,4.0
1956,529,0.0
1956,532,0.0
1956,533,0.0
1956,537,2.0
1956,538,0.0
1956,541,4.0
1956,547,2.0
1956,554,22.0
1956,555,1.0
1956,556,0.0
1956,558,0.0
1956,559,8.0
1956,561,0.0
1956,562,0.0
1956,577,4.0
1956,578,4.0
1956,579,34.5
1956,580,6.0
1956,581,25.0
1956,583,1.5
1956,585,0.0
1956,586,0.0
1956,589,0.0
1956,592,0.0
1956,593,3.0
1956,594,0.0
1956,595,0.0
1956,596,0.0
1956,597,0.0
1956,606,3.0
1956,607,3.0
1956,608,7.5
1956,609,0.0
1956,610,0.0
1956,611,6.0
1956,612,0.0
1956,615,0.0
1956,619,0.0
1956,620,0.0
1956,622,1.5
1956,623,0.0
1956,624,2.0
1956,625,0.0
1956,626,0.0
1956,627,2.0
1956,628,0.0
1956,629,0.0
1956,630,0.0
1956,631,0.0
1956,632,6.0
1956,633,2.0
1956,634,0.0
1956,635,0.0
1956,636,0.0
1956,637,0.0
1956,638,0.0
1956,639,0.0
1956,640,0.0
1956,641,0.0
1956,806,0.0
1957,347,0.0
1957,356,0.0
1957,418,10.0
1957,427,5.0
1957,430,0.0
1957,431,0.0
1957,449,0.0
1957,456,2.0
1957,459,0.0
1957,475,25.0
1957,476,4.0
1957,478,0.0
1957,479,11.0
1957,483,1.0
1957,484,0.0
1957,486,0.0
1957,496,4.0
1957,498,1.0
1957,501,10.0
1957,506,0.0
1957,509,7.0
1957,512,0.0
1957,513,0.0
1957,514,0.0
1957,516,0.0
1957,520,0.0
1957,525,4.0
1957,526,0.0
1957,527,0.0
1957,528,0.0
1957,529,0.0
1957,532,0.0
1957,533,0.0
1957,538,0.0
1957,541,0.0
1957,547,0.0
1957,549,0.0
1957,554,6.0
1957,555,3.0
1957,556,0.0
1957,558,0.0
1957,560,0.0
1957,562,0.0
1957,563,0.0
1957,565,0.0
1957,573,0.0
1957,577,16.0
1957,578,13.0
1957,579,46.0
1957,580,0.0
1957,581,8.0
1957,586,0.0
1957,590,5.0
1957,592,0.0
1957,593,0.0
1957,594,0.0
1957,596,0.0
1957,597,0.0
1957,601,0.0
1957,606,1.0
1957,607,0.0
1957,608,0.0
1957,609,0.0
1957,610,0.0
1957,611,8.0
1957,612,2.0
1957,613,0.0
1957,614,0.0
1957,615,0.0
1957,616,0.0
1957,617,0.0
1957,618,0.0
1957,619,0.0
1957,620,0.0
1957,621,0.0
1957,638,0.0
1958,289,0.0
1958,347,3.0
1958,356,3.0
1958,360,0.0
1958,403,9.0
1958,418,0.0
1958,427,12.0
1958,430,0.0
1958,431,0.0
1958,437,0.0
1958,449,0.0
1958,455,0.0
1958,456,15.0
1958,459,0.0
1958,475,41.0
1958,476,9.0
1958,477,3.0
1958,478,0.0
1958,479,24.0
1958,482,0.0
1958,483,0.0
1958,484,0.0
1958,486,0.0
1958,496,0.0
1958,501,14.0
1958,502,0.0
1958,509,2.0
1958,510,0.0
1958,512,0.0
1958,513,0.0
1958,514,0.0
1958,516,0.0
1958,523,0.0
1958,525,8.0
1958,526,0.0
1958,527,0.0
1958,528,0.0
1958,529,4.0
1958,531,0.0
1958,533,4.0
1958,536,0.0
1958,537,0.0
1958,539,0.0
1958,541,0.0
1958,543,0.0
1958,547,0.0
1958,549,0.0
1958,551,0.0
1958,553,0.0
1958,554,9.0
1958,555,0.0
1958,558,0.0
1958,560,0.0
1958,562,0.0
1958,563,0.0
1958,564,0.0
1958,565,0.0
1958,566,0.0
1958,577,12.0
1958,578,49.0
1958,579,7.0
1958,580,0.0
1958,581,14.0
1958,582,0.0
1958,583,0.0
1958,584,0.0
1958,585,0.0
1958,586,0.0
1958,587,0.0
1958,588,0.0
1958,589,0.0
1958,590,11.0
1958,591,6.0
1958,592,0.0
1958,593,0.0
1958,594,0.0
1958,595,0.0
1958,596,0.0
1958,597,0.0
1958,598,0.0
1958,599,0.0
1958,600,0.0
1958,601,0.0
1958,602,0.0
1958,603,0.0
1958,604,0.0
1958,605,0.0
1959,289,0.0
1959,347,10.0
1959,353,0.0
1959,356,34.0
1959,360,16.5
1959,364,13.0
1959,376,0.0
1959,387,0.0
1959,401,0.0
1959,403,20.0
1959,404,5.0
1959,418,10.0
1959,427,19.0
1959,430,0.0
1959,432,0.0
1959,437,0.0
1959,441,0.0
1959,449,8.0
1959,456,0.0
1959,462,0.0
1959,465,0.0
1959,475,25.5
1959,476,0.0
1959,477,2.0
1959,478,0.0
1959,479,27.0
1959,481,0.0
1959,482,3.0
1959,483,0.0
1959,484,0.0
1959,486,0.0
1959,501,5.0
1959,502,0.0
1959,505,0.0
1959,506,0.0
1959,509,6.0
1959,510,2.0
1959,511,0.0
1959,512,5.0
1959,513,0.0
1959,514,0.0
1959,516,0.0
1959,517,0.0
1959,518,0.0
1959,520,0.0
1959,522,0.0
1959,525,0.0
1959,527,0.0
1959,528,0.0
1959,529,3.0
1959,531,0.0
1959,533,0.0
1959,535,0.0
1959,536,0.0
1959,537,0.0
1959,538,0.0
1959,540,0.0
1959,541,0.0
1959,542,0.0
1959,543,0.0
1959,549,0.0
1959,550,0.0
1959,551,0.0
1959,552,0.0
1959,553,0.0
1959,554,2.0
1959,555,0.0
1959,556,0.0
1959,557,0.0
1959,558,0.0
1959,559,0.0
1959,560,0.0
1959,561,0.0
1959,562,0.0
1959,563,0.0
1959,564,0.0
1959,565,0.0
1959,566,0.0
1959,567,0.0
1959,568,0.0
1959,569,0.0
1959,570,0.0
1959,571,0.0
1959,572,0.0
1959,573,0.0
1959,574,0.0
1959,575,0.0
1959,576,0.0
1960,289,4.0
1960,341,6.0
1960,347,4.0
1960,353,0.0
1960,356,43.0
1960,360,37.0
1960,364,0.0
1960,373,8.0
1960,376,1.0
1960,386,8.0
1960,398,0.0
1960,403,16.0
1960,404,18.0
1960,418,0.0
1960,427,0.0
1960,430,0.0
1960,431,0.0
1960,432,0.0
1960,435,4.0
1960,437,0.0
1960,439,0.0
1960,440,0.0
1960,449,6.0
1960,455,0.0
1960,456,0.0
1960,465,0.0
1960,475,19.0
1960,476,10.0
1960,477,6.0
1960,478,1.0
1960,479,7.0
1960,481,3.0
1960,482,10.0
1960,483,0.0
1960,484,0.0
1960,486,0.0
1960,491,0.0
1960,494,0.0
1960,496,3.0
1960,497,0.0
1960,498,0.0
1960,499,0.0
1960,500,0.0
1960,501,0.0
1960,502,0.0
1960,503,0.0
1960,504,0.0
1960,505,0.0
1960,506,0.0
1960,507,0.0
1960,508,0.0
1960,509,8.0
1960,510,4.0
1960,511,3.0
1960,512,2.0
1960,513,1.0
1960,514,0.0
1960,515,0.0
1960,516,0.0
1960,517,0.0
1960,518,0.0
1960,519,0.0
1960,520,0.0
1960,521,0.0
1960,522,0.0
1960,523,0.0
1960,524,0.0
1960,525,0.0
1960,526,0.0
1960,527,0.0
1960,528,0.0
1960,529,0.0
1960,530,0.0
1960,531,0.0
1960,532,0.0
1960,533,0.0
1960,534,0.0
1960,535,0.0
1960,536,0.0
1960,537,0.0
1960,538,0.0
1960,539,0.0
1960,540,0.0
1960,541,1.0
1960,542,0.0
1960,543,3.0
1960,544,0.0
1960,545,0.0
1960,546,0.0
1960,547,0.0
1960,548,0.0
1961,289,3.0
1961,341,4.0
1961,347,3.0
1961,356,4.0
1961,360,11.0
1961,364,21.0
1961,373,11.0
1961,376,0.0
1961,385,0.0
1961,386,16.0
1961,394,9.0
1961,401,0.0
1961,403,38.0
1961,404,12.0
1961,408,0.0
1961,418,0.0
1961,424,0.0
1961,425,0.0
1961,427,0.0
1961,428,0.0
1961,429,0.0
1961,430,0.0
1961,431,0.0
1961,433,0.0
1961,434,0.0
1961,435,0.0
1961,436,0.0
1961,437,0.0
1961,440,0.0
1961,441,0.0
1961,444,0.0
1961,447,0.0
1961,453,3.0
1961,454,0.0
1961,455,0.0
1961,456,2.0
1961,459,0.0
1961,460,0.0
1961,465,0.0
1961,467,0.0
1961,468,0.0
1961,475,21.0
1961,476,33.0
1961,477,0.0
1961,478,0.0
1961,479,6.0
1961,480,0.0
1961,481,0.0
1961,482,3.0
1961,483,0.0
1961,484,0.0
1961,485,0.0
1961,486,0.0
1961,487,0.0
1961,488,0.0
1961,489,0.0
1961,490,0.0
1961,491,0.0
1961,492,0.0
1961,493,0.0
1961,494,0.0
1961,495,0.0
1962,289,52.0
1962,340,0.0
1962,341,19.0
1962,346,0.0
1962,347,3.0
1962,356,9.0
1962,360,32.0
1962,364,15.0
1962,368,0.0
1962,373,30.0
1962,376,0.0
1962,385,4.0
1962,386,10.0
1962,394,5.0
1962,397,0.0
1962,401,6.0
1962,403,14.0
1962,404,2.0
1962,408,13.0
1962,410,1.0
1962,411,0.0
1962,413,0.0
1962,418,1.0
1962,424,0.0
1962,425,0.0
1962,427,0.0
1962,428,0.0
1962,430,2.0
1962,434,0.0
1962,435,3.0
1962,436,0.0
1962,437,0.0
1962,438,0.0
1962,439,0.0
1962,440,0.0
1962,442,0.0
1962,444,0.0
1962,445,0.0
1962,446,0.0
1962,453,0.0
1962,454,4.0
1962,455,0.0
1962,456,0.0
1962,457,0.0
1962,458,0.0
1962,459,0.0
1962,460,0.0
1962,461,0.0
1962,462,0.0
1962,463,0.0
1962,464,0.0
1962,465,0.0
1962,466,0.0
1962,467,0.0
1962,468,0.0
1962,469,0.0
1962,470,0.0
1962,471,0.0
1962,472,0.0
1962,473,0.0
1962,474,0.0
1963,278,0.0
1963,289,29.0
1963,305,0.0
1963,310,0.0
1963,340,0.0
1963,341,22.0
1963,345,0.0
1963,346,1.0
1963,347,6.0
1963,356,14.0
1963,360,17.0
1963,362,0.0
1963,364,19.0
1963,368,0.0
1963,373,73.0
1963,374,0.0
1963,375,1.0
1963,376,0.0
1963,382,0.0
1963,383,0.0
1963,385,6.0
1963,386,34.0
1963,394,0.0
1963,397,0.0
1963,401,1.0
1963,403,0.0
1963,404,6.0
1963,407,0.0
1963,408,9.0
1963,409,0.0
1963,410,0.0
1963,411,0.0
1963,412,0.0
1963,413,0.0
1963,418,0.0
1963,420,0.0
1963,423,3.0
1963,427,0.0
1963,428,0.0
1963,429,0.0
1963,430,2.0
1963,432,0.0
1963,433,0.0
1963,434,0.0
1963,435,0.0
1963,436,0.0
1963,437,0.0
1963,438,0.0
1963,439,0.0
1963,440,3.0
1963,441,0.0
1963,442,0.0
1963,443,0.0
1963,444,0.0
1963,445,0.0
1963,446,0.0
1963,447,0.0
1963,448,0.0
1963,449,0.0
1963,450,0.0
1963,451,0.0
1963,452,0.0
1964,278,2.0
1964,289,41.0
1964,305,1.0
1964,309,0.0
1964,340,0.0
1964,341,40.0
1964,345,1.0
1964,346,7.0
1964,347,3.0
1964,356,11.0
1964,358,0.0
1964,360,13.0
1964,364,19.0
1964,370,0.0
1964,373,32.0
1964,374,4.0
1964,375,0.0
1964,380,0.0
1964,382,0.0
1964,383,5.0
1964,385,23.0
1964,386,23.0
1964,394,0.0
1964,397,11.0
1964,399,0.0
1964,401,1.0
1964,402,0.0
1964,403,1.0
1964,404,4.0
1964,405,0.0
1964,408,4.0
1964,420,0.0
1964,423,0.0
1964,427,2.0
1964,428,0.0
1964,429,0.0
1964,430,0.0
1964,431,0.0
1964,432,0.0
1964,433,2.0
1964,434,0.0
1965,278,0.0
1965,289,47.0
1965,293,0.0
1965,304,5.0
1965,305,0.0
1965,328,34.0
1965,334,0.0
1965,340,0.0
1965,341,17.0
1965,345,2.0
1965,346,5.0
1965,347,0.0
1965,356,9.0
1965,358,4.0
1965,360,10.0
1965,362,0.0
1965,364,25.0
1965,368,0.0
1965,370,2.0
1965,373,54.0
1965,374,10.0
1965,375,0.0
1965,376,0.0
1965,380,0.0
1965,382,0.0
1965,383,0.0
1965,385,13.0
1965,386,11.0
1965,394,0.0
1965,396,0.0
1965,402,0.0
1965,404,0.0
1965,405,2.0
1965,406,0.0
1965,407,0.0
1965,408,0.0
1965,409,0.0
1965,410,0.0
1965,411,0.0
1965,412,0.0
1965,413,0.0
1965,414,0.0
1965,415,0.0
1965,416,0.0
1965,417,0.0
1965,418,0.0
1965,419,0.0
1965,420,0.0
1965,421,0.0
1965,422,0.0
1965,423,0.0
1965,424,0.0
1965,425,0.0
1965,426,0.0
1966,278,0.0
1966,289,17.0
1966,304,18.0
1966,328,14.0
1966,341,28.0
1966,345,0.0
1966,346,3.0
1966,347,1.0
1966,356,45.0
1966,358,24.0
1966,360,3.0
1966,364,4.0
1966,373,16.0
1966,374,4.0
1966,375,9.0
1966,382,0.0
1966,383,1.0
1966,385,12.0
1966,386,5.0
1966,387,12.0
1966,388,0.0
1966,389,0.0
1966,394,0.0
1966,396,3.0
1966,397,1.0
1966,398,0.0
1966,399,1.0
1966,400,0.0
1966,401,0.0
1966,402,0.0
1966,403,0.0
1966,404,0.0
1966,405,0.0
1967,235,1.0
1967,262,0.0
1967,278,20.0
1967,289,15.0
1967,293,0.0
1967,304,51.0
1967,306,0.0
1967,322,0.0
1967,326,0.0
1967,328,10.0
1967,340,6.0
1967,341,20.0
1967,345,15.0
1967,346,6.0
1967,347,3.0
1967,351,0.0
1967,356,48.0
1967,358,6.0
1967,359,0.0
1967,360,3.0
1967,361,0.0
1967,364,13.0
1967,365,0.0
1967,368,0.0
1967,370,0.0
1967,371,0.0
1967,373,41.0
1967,374,9.0
1967,375,1.0
1967,377,0.0
1967,379,0.0
1967,382,0.0
1967,383,2.0
1967,384,0.0
1967,385,0.0
1967,386,0.0
1967,387,2.0
1967,388,2.0
1967,389,1.0
1967,390,0.0
1967,391,0.0
1967,392,0.0
1967,393,0.0
1967,394,0.0
1967,395,0.0
1968,207,0.0
1968,235,27.0
1968,262,6.0
1968,278,10.0
1968,280,0.0
1968,289,48.0
1968,293,0.0
1968,304,33.0
1968,306,11.0
1968,312,4.0
1968,321,0.0
1968,322,0.0
1968,328,36.0
1968,333,0.0
1968,334,0.0
1968,340,0.0
1968,341,12.0
1968,343,0.0
1968,345,18.0
1968,346,12.0
1968,347,3.0
1968,350,5.0
1968,351,2.0
1968,356,2.0
1968,358,8.0
1968,359,6.0
1968,360,22.0
1968,361,4.0
1968,364,3.0
1968,365,0.0
1968,368,0.0
1968,369,0.0
1968,370,6.0
1968,373,9.0
1968,374,0.0
1968,375,6.0
1968,376,5.0
1968,377,0.0
1968,378,0.0
1968,379,0.0
1968,380,0.0
1968,381,0.0
1968,382,0.0
1969,207,0.0
1969,235,37.0
1969,262,1.0
1969,278,4.0
1969,289,19.0
1969,304,20.0
1969,306,21.0
1969,321,0.0
1969,328,63.0
1969,340,0.0
1969,341,6.0
1969,343,0.0
1969,345,3.0
1969,346,15.0
1969,347,0.0
1969,350,3.0
1969,351,1.0
1969,352,0.0
1969,353,0.0
1969,356,14.0
1969,357,0.0
1969,358,22.0
1969,359,1.0
1969,360,26.0
1969,361,16.0
1969,362,0.0
1969,368,0.0
1969,369,0.0
1969,370,3.0
1969,371,0.0
1969,372,0.0
1970,207,4.0
1970,223,33.0
1970,224,12.0
1970,235,40.0
1970,238,0.0
1970,243,10.0
1970,262,2.0
1970,278,23.0
1970,280,8.0
1970,289,7.0
1970,293,0.0
1970,304,27.0
1970,306,16.0
1970,312,0.0
1970,314,0.0
1970,317,4.0
1970,320,1.0
1970,321,1.0
1970,327,1.0
1970,328,25.0
1970,330,0.0
1970,333,0.0
1970,339,0.0
1970,340,0.0
1970,341,3.0
1970,345,23.0
1970,346,0.0
1970,347,0.0
1970,351,0.0
1970,352,0.0
1970,353,0.0
1970,356,25.0
1970,357,2.0
1970,358,45.0
1970,359,2.0
1970,360,6.0
1970,361,0.0
1970,362,0.0
1970,363,3.0
1970,364,1.0
1970,365,0.0
1970,366,0.0
1970,367,0.0
1971,182,0.0
1971,197,0.0
1971,207,12.0
1971,223,13.0
1971,224,16.0
1971,235,19.0
1971,238,33.0
1971,243,3.0
1971,262,0.0
1971,278,9.0
1971,280,4.0
1971,288,4.0
1971,289,2.0
1971,293,0.0
1971,298,0.0
1971,304,9.0
1971,305,3.0
1971,306,1.0
1971,307,5.0
1971,309,0.0
1971,312,0.0
1971,314,5.0
1971,317,9.0
1971,320,9.0
1971,321,0.0
1971,322,0.0
1971,327,26.0
1971,328,62.0
1971,329,0.0
1971,330,0.0
1971,333,0.0
1971,334,0.0
1971,337,0.0
1971,338,0.0
1971,339,0.0
1971,340,0.0
1971,341,3.0
1971,342,0.0
1971,344,0.0
1971,345,9.0
1971,346,19.0
1971,347,0.0
1971,348,0.0
1971,349,0.0
1971,350,0.0
1971,351,0.0
1971,352,0.0
1971,353,0.0
1971,354,0.0
1971,355,0.0
1972,182,0.0
1972,199,3.0
1972,207,4.0
1972,221,0.0
1972,222,0.0
1972,223,15.0
1972,224,61.0
1972,232,1.0
1972,235,27.0
1972,238,12.0
1972,243,0.0
1972,250,3.0
1972,262,0.0
1972,278,12.0
1972,280,0.0
1972,289,4.0
1972,290,0.0
1972,293,0.0
1972,296,0.0
1972,304,39.0
1972,305,13.0
1972,306,9.0
1972,307,4.0
1972,309,23.0
1972,312,4.0
1972,314,2.0
1972,317,0.0
1972,320,1.0
1972,321,0.0
1972,327,15.0
1972,328,45.0
1972,329,0.0
1972,330,0.0
1972,333,3.0
1972,337,0.0
1972,338,0.0
1972,339,0.0
1972,340,0.0
1972,341,0.0
1972,342,0.0
1972,343,0.0
1972,344,0.0
1973,182,2.0
1973,187,0.0
1973,197,0.0
1973,199,16.0
1973,200,0.0
1973,222,0.0
1973,223,2.0
1973,224,55.0
1973,231,14.0
1973,232,6.0
1973,235,12.0
1973,238,52.0
1973,243,0.0
1973,250,7.0
1973,259,0.0
1973,262,4.0
1973,278,1.0
1973,280,0.0
1973,289,0.0
1973,290,3.0
1973,292,0.0
1973,293,0.0
1973,298,1.0
1973,304,26.0
1973,305,0.0
1973,306,9.0
1973,307,1.0
1973,309,38.0
1973,312,0.0
1973,313,0.0
1973,314,0.0
1973,317,0.0
1973,320,0.0
1973,327,47.0
1973,328,71.0
1973,329,0.0
1973,330,0.0
1973,331,0.0
1973,332,5.0
1973,333,3.0
1973,334,0.0
1973,335,0.0
1973,336,0.0
1974,172,0.0
1974,182,38.0
1974,187,6.0
1974,197,6.0
1974,199,32.0
1974,200,0.0
1974,207,0.0
1974,219,0.0
1974,221,14.0
1974,222,45.0
1974,223,52.0
1974,224,55.0
1974,230,1.0
1974,231,15.0
1974,232,4.0
1974,233,5.0
1974,235,12.0
1974,238,35.0
1974,243,0.0
1974,250,11.0
1974,251,0.0
1974,252,1.0
1974,256,0.0
1974,259,0.0
1974,265,0.0
1974,267,0.0
1974,269,0.0
1974,270,0.0
1974,275,0.0
1974,278,0.0
1974,280,0.0
1974,283,0.0
1974,288,0.0
1974,289,1.0
1974,292,0.0
1974,293,0.0
1974,296,0.0
1974,298,0.0
1974,300,0.0
1974,304,20.0
1974,305,12.0
1974,306,10.0
1974,307,0.0
1974,308,0.0
1974,309,0.0
1974,310,0.0
1974,311,0.0
1974,312,0.0
1974,313,0.0
1974,314,0.0
1974,315,0.0
1974,316,0.0
1974,317,0.0
1974,318,0.0
1974,319,0.0
1974,320,0.0
1974,321,0.0
1974,322,0.0
1974,323,0.0
1974,324,0.0
1974,325,0.0
1974,326,0.0
1975,172,6.0
1975,178,2.0
1975,182,64.5
1975,187,0.0
1975,197,1.5
1975,199,37.0
1975,200,20.0
1975,205,0.0
1975,207,5.0
1975,219,0.0
1975,221,12.0
1975,222,20.0
1975,223,25.0
1975,224,45.0
1975,229,0.0
1975,230,6.5
1975,231,33.0
1975,232,0.0
1975,233,0.0
1975,235,3.0
1975,238,6.0
1975,239,0.0
1975,243,0.0
1975,245,0.0
1975,250,24.0
1975,251,0.0
1975,252,8.0
1975,254,0.0
1975,267,0.0
1975,270,0.0
1975,275,0.5
1975,276,0.0
1975,277,0.0
1975,278,0.0
1975,282,0.0
1975,283,0.0
1975,288,4.0
1975,289,0.0
1975,290,0.0
1975,291,0.0
1975,292,0.0
1975,293,0.0
1975,294,1.0
1975,295,0.0
1975,296,0.0
1975,297,0.0
1975,298,1.0
1975,299,0.0
1975,300,0.0
1975,301,0.0
1975,302,0.0
1975,303,0.0
1976,172,20.0
1976,178,7.0
1976,182,68.0
1976,187,20.0
1976,197,0.0
1976,199,3.0
1976,200,19.0
1976,207,22.0
1976,208,0.0
1976,221,39.0
1976,222,49.0
1976,223,31.0
1976,224,3.0
1976,229,0.0
1976,230,1.0
1976,231,69.0
1976,232,0.0
1976,233,8.0
1976,235,0.0
1976,237,0.0
1976,238,10.0
1976,239,0.0
1976,242,0.0
1976,243,1.0
1976,245,0.0
1976,246,0.0
1976,250,7.0
1976,251,0.0
1976,252,10.0
1976,253,0.0
1976,254,0.0
1976,255,11.0
1976,256,0.0
1976,257,0.0
1976,258,0.0
1976,260,0.0
1976,265,0.0
1976,270,0.0
1976,271,0.0
1976,273,0.0
1976,274,0.0
1976,275,0.0
1976,276,0.0
1976,277,0.0
1976,278,2.0
1976,279,0.0
1976,280,0.0
1976,281,0.0
1976,282,0.0
1976,283,0.0
1976,284,0.0
1976,285,0.0
1976,286,0.0
1976,287,0.0
1977,119,1.0
1977,152,0.0
1977,172,18.0
1977,175,5.0
1977,178,22.0
1977,182,72.0
1977,187,9.0
1977,197,1.0
1977,199,42.0
1977,200,25.0
1977,203,0.0
1977,205,0.0
1977,207,47.0
1977,208,0.0
1977,211,0.0
1977,212,0.0
1977,219,0.0
1977,220,0.0
1977,221,20.0
1977,222,55.0
1977,223,5.0
1977,224,11.0
1977,229,0.0
1977,230,6.0
1977,231,40.0
1977,232,0.0
1977,233,12.0
1977,235,0.0
1977,237,0.0
1977,238,7.0
1977,239,0.0
1977,240,0.0
1977,241,0.0
1977,245,0.0
1977,246,0.0
1977,247,0.0
1977,250,6.0
1977,251,0.0
1977,252,0.0
1977,253,0.0
1977,254,1.0
1977,255,20.0
1977,256,0.0
1977,257,0.0
1977,258,0.0
1977,259,0.0
1977,260,0.0
1977,261,0.0
1977,262,0.0
1977,263,0.0
1977,264,0.0
1977,265,0.0
1977,266,0.0
1977,267,0.0
1977,268,0.0
1977,269,0.0
1977,270,0.0
1977,271,0.0
1977,272,0.0
1977,273,0.0
1977,274,0.0
1978,119,11.0
1978,137,0.0
1978,152,0.0
1978,158,0.0
1978,163,0.0
1978,172,19.0
1978,175,8.0
1978,177,0.0
1978,178,11.0
1978,182,44.0
1978,187,25.0
1978,197,0.0
1978,199,48.0
1978,200,0.0
1978,202,7.0
1978,203,17.0
1978,206,1.0
1978,207,64.0
1978,208,0.0
1978,209,0.0
1978,211,0.0
1978,212,1.0
1978,213,0.0
1978,219,3.0
1978,221,34.0
1978,222,24.0
1978,223,4.0
1978,224,17.0
1978,229,0.0
1978,230,1.0
1978,231,8.0
1978,232,0.0
1978,233,2.0
1978,235,0.0
1978,238,51.0
1978,239,0.0
1978,240,0.0
1978,241,0.0
1978,242,0.0
1978,243,0.0
1978,244,0.0
1978,245,0.0
1978,246,0.0
1978,247,0.0
1978,248,0.0
1978,249,0.0
1979,119,2.0
1979,136,0.0
1979,137,3.0
1979,152,0.0
1979,163,17.0
1979,172,36.0
1979,173,3.0
1979,175,0.0
1979,176,0.0
1979,177,0.0
1979,178,43.0
1979,182,4.0
1979,187,15.0
1979,197,14.0
1979,199,25.0
1979,200,3.0
1979,202,14.0
1979,203,53.0
1979,206,0.0
1979,207,14.0
1979,209,0.0
1979,212,0.0
1979,217,0.0
1979,219,9.0
1979,221,22.0
1979,222,60.0
1979,223,32.0
1979,224,1.0
1979,230,0.0
1979,231,0.0
1979,232,0.0
1979,233,2.0
1979,234,0.0
1979,235,3.0
1979,236,0.0
1979,237,0.0
1980,95,0.0
1980,110,0.0
1980,117,5.0
1980,119,7.0
1980,136,0.0
1980,137,54.0
1980,140,0.0
1980,152,4.0
1980,158,0.0
1980,163,29.0
1980,172,34.0
1980,173,13.0
1980,176,0.0
1980,177,6.0
1980,178,71.0
1980,181,0.0
1980,187,6.0
1980,191,0.0
1980,197,6.0
1980,199,49.0
1980,200,4.0
1980,202,32.0
1980,203,6.0
1980,206,6.0
1980,207,1.0
1980,209,0.0
1980,211,0.0
1980,212,1.0
1980,214,0.0
1980,217,0.0
1980,219,9.0
1980,221,0.0
1980,222,2.0
1980,223,0.0
1980,224,5.0
1980,225,0.0
1980,226,0.0
1980,227,0.0
1980,228,0.0
1980,229,0.0
1980,230,0.0
1981,95,8.0
1981,105,0.0
1981,110,1.0
1981,117,43.0
1981,118,0.0
1981,119,10.0
1981,136,0.0
1981,137,50.0
1981,152,7.0
1981,158,10.0
1981,160,0.0
1981,163,11.0
1981,172,44.0
1981,173,14.0
1981,175,1.0
1981,176,4.0
1981,177,0.0
1981,178,46.0
1981,187,27.0
1981,192,0.0
1981,194,1.0
1981,197,0.0
1981,198,0.0
1981,199,49.0
1981,201,1.0
1981,202,9.0
1981,203,25.0
1981,205,0.0
1981,206,0.0
1981,207,3.0
1981,212,11.0
1981,213,0.0
1981,214,0.0
1981,215,0.0
1981,216,0.0
1981,217,0.0
1981,218,0.0
1981,219,0.0
1981,220,0.0
1982,90,0.0
1982,95,7.0
1982,105,25.0
1982,110,5.0
1982,117,34.0
1982,118,0.0
1982,119,21.0
1982,136,0.0
1982,137,20.0
1982,152,2.0
1982,158,15.0
1982,163,28.0
1982,170,0.0
1982,172,5.0
1982,173,23.0
1982,175,25.0
1982,176,3.0
1982,177,44.0
1982,181,2.0
1982,182,30.0
1982,184,2.0
1982,187,39.0
1982,192,1.0
1982,194,2.0
1982,195,0.0
1982,196,0.0
1982,197,3.0
1982,199,6.0
1982,200,0.0
1982,201,0.0
1982,202,39.0
1982,203,6.0
1982,204,0.0
1982,205,0.0
1982,206,8.0
1982,207,4.0
1982,208,0.0
1982,209,0.0
1982,210,0.0
1982,211,0.0
1983,95,10.0
1983,105,10.0
1983,110,15.0
1983,117,57.0
1983,118,9.0
1983,119,13.0
1983,123,0.0
1983,137,59.0
1983,140,0.0
1983,152,1.0
1983,156,0.0
1983,158,22.0
1983,160,0.0
1983,163,49.0
1983,168,0.0
1983,172,11.0
1983,173,2.0
1983,175,40.0
1983,176,4.0
1983,177,27.0
1983,178,0.0
1983,181,0.0
1983,182,12.0
1983,184,3.0
1983,186,0.0
1983,187,22.0
1983,188,1.0
1983,190,0.0
1983,192,0.0
1983,193,2.0
1983,194,0.0
1983,195,0.0
1983,196,0.0
1983,197,0.0
1983,198,0.0
1984,77,0.0
1984,84,0.0
1984,94,0.0
1984,95,13.0
1984,102,13.0
1984,105,30.5
1984,110,3.0
1984,112,0.0
1984,117,71.5
1984,118,23.0
1984,119,8.0
1984,123,5.0
1984,137,29.0
1984,140,3.0
1984,156,0.0
1984,158,3.0
1984,160,2.0
1984,163,27.0
1984,166,0.0
1984,170,9.0
1984,172,5.0
1984,173,34.0
1984,175,11.0
1984,176,1.0
1984,177,20.5
1984,179,0.0
1984,181,0.0
1984,182,72.0
1984,183,0.0
1984,184,0.0
1984,185,0.0
1984,188,0.0
1984,189,0.0
1984,190,0.0
1984,191,0.0
1985,77,3.0
1985,84,0.0
1985,94,0.0
1985,95,31.0
1985,102,38.0
1985,105,53.0
1985,110,3.0
1985,112,0.0
1985,117,76.0
1985,118,5.0
1985,119,0.0
1985,122,3.0
1985,123,11.0
1985,137,21.0
1985,140,26.0
1985,156,0.0
1985,157,0.0
1985,158,0.0
1985,160,0.0
1985,163,3.0
1985,166,4.0
1985,170,0.0
1985,172,16.0
1985,173,33.0
1985,175,11.0
1985,176,5.0
1985,177,40.0
1985,178,0.0
1985,179,0.0
1985,181,0.0
1985,182,14.0
1985,183,0.0
1985,184,0.0
1985,185,4.0
1985,186,0.0
1985,187,0.0
1986,77,17.0
1986,84,8.0
1986,95,72.0
1986,102,55.0
1986,105,14.0
1986,110,0.0
1986,112,1.0
1986,117,74.0
1986,118,0.0
1986,119,2.0
1986,122,0.0
1986,123,0.0
1986,133,0.0
1986,137,69.0
1986,140,23.0
1986,145,0.0
1986,156,0.0
1986,157,1.0
1986,158,0.0
1986,160,0.0
1986,163,14.0
1986,166,3.0
1986,170,2.0
1986,172,14.0
1986,173,0.0
1986,174,3.0
1986,175,2.0
1986,176,0.0
1986,177,22.0
1986,178,4.0
1986,179,0.0
1986,180,0.0
1987,77,36.0
1987,78,0.0
1987,84,2.0
1987,90,1.0
1987,95,61.0
1987,99,0.0
1987,102,57.0
1987,105,17.0
1987,110,4.0
1987,112,3.0
1987,114,0.0
1987,117,46.0
1987,118,3.0
1987,119,6.0
1987,122,1.0
1987,123,16.0
1987,131,0.0
1987,133,0.0
1987,137,76.0
1987,138,7.0
1987,140,30.0
1987,145,0.0
1987,156,7.0
1987,157,0.0
1987,158,8.0
1987,160,0.0
1987,163,1.0
1987,166,4.0
1987,167,0.0
1987,169,0.0
1987,170,12.0
1987,171,0.0
1988,77,41.0
1988,78,0.0
1988,84,0.0
1988,88,0.0
1988,94,1.0
1988,95,12.0
1988,99,0.0
1988,102,94.0
1988,105,24.0
1988,110,3.0
1988,112,0.0
1988,114,0.0
1988,117,105.0
1988,118,17.0
1988,119,8.0
1988,122,17.0
1988,123,27.0
1988,127,5.0
1988,131,0.0
1988,133,0.0
1988,137,22.0
1988,138,1.0
1988,140,0.0
1988,141,0.0
1988,145,12.0
1988,146,0.0
1988,156,5.0
1988,158,6.0
1988,159,0.0
1988,160,0.0
1988,162,0.0
1988,163,0.0
1988,165,0.0
1988,166,0.0
1988,167,0.0
1988,168,0.0
1989,55,8.0
1989,65,5.0
1989,77,21.0
1989,78,0.0
1989,84,4.0
1989,88,0.0
1989,90,0.0
1989,92,0.0
1989,94,5.0
1989,95,38.0
1989,99,1.0
1989,102,60.0
1989,103,0.0
1989,105,6.0
1989,109,0.0
1989,110,4.0
1989,112,1.0
1989,114,0.0
1989,117,81.0
1989,118,7.0
1989,119,40.0
1989,122,0.0
1989,123,37.0
1989,127,4.0
1989,129,1.0
1989,131,4.0
1989,133,4.0
1989,134,0.0
1989,137,12.0
1989,138,3.0
1989,139,2.0
1989,140,6.0
1989,145,32.0
1989,146,0.0
1989,147,0.0
1989,148,0.0
1989,151,0.0
1989,156,2.0
1989,157,3.0
1989,158,6.0
1989,159,1.0
1989,160,0.0
1989,161,0.0
1989,162,0.0
1989,163,2.0
1989,164,0.0
1989,165,0.0
1990,55,13.0
1990,65,0.0
1990,77,43.0
1990,78,0.0
1990,81,0.0
1990,88,6.0
1990,90,6.0
1990,92,0.0
1990,94,0.0
1990,95,37.0
1990,99,0.0
1990,101,0.0
1990,102,78.0
1990,103,5.0
1990,105,0.0
1990,109,0.0
1990,110,0.0
1990,112,0.0
1990,114,0.0
1990,117,73.0
1990,118,3.0
1990,119,23.0
1990,122,6.0
1990,123,34.0
1990,127,1.0
1990,129,0.0
1990,131,2.0
1990,133,2.0
1990,137,44.0
1990,138,3.0
1990,139,0.0
1990,140,0.0
1990,145,21.0
1990,146,0.0
1990,147,0.0
1990,148,0.0
1990,149,0.0
1990,150,0.0
1990,151,0.0
1990,152,0.0
1991,30,4.0
1991,55,21.0
1991,57,2.0
1991,65,0.0
1991,70,0.0
1991,77,43.0
1991,78,0.0
1991,81,0.5
1991,84,2.0
1991,87,1.0
1991,88,1.0
1991,90,8.0
1991,91,0.0
1991,92,4.0
1991,94,6.0
1991,95,72.0
1991,99,0.0
1991,100,0.0
1991,102,96.0
1991,103,1.0
1991,105,0.0
1991,109,4.0
1991,110,9.0
1991,117,34.0
1991,119,53.0
1991,120,0.0
1991,122,1.0
1991,123,0.0
1991,127,0.0
1991,128,0.0
1991,129,0.0
1991,131,10.0
1991,133,0.0
1991,137,26.5
1991,138,2.0
1991,139,1.0
1991,140,0.0
1991,141,1.0
1991,142,0.0
1991,143,0.0
1991,144,0.0
1992,30,53.0
1992,55,18.0
1992,57,11.0
1992,65,2.0
1992,70,0.0
1992,71,0.0
1992,77,49.0
1992,78,0.0
1992,79,0.0
1992,81,0.0
1992,84,38.0
1992,88,0.0
1992,90,0.0
1992,91,3.0
1992,92,1.0
1992,94,2.0
1992,95,108.0
1992,99,0.0
1992,100,4.0
1992,102,50.0
1992,104,1.0
1992,105,6.0
1992,108,0.0
1992,109,0.0
1992,110,8.0
1992,119,56.0
1992,122,3.0
1992,123,2.0
1992,125,0.0
1992,127,0.0
1992,128,0.0
1992,129,0.0
1992,130,0.0
1992,131,1.0
1992,132,0.0
1992,135,0.0
1992,136,0.0
1993,22,2.0
1993,30,52.0
1993,55,16.0
1993,56,1.0
1993,57,4.0
1993,65,11.0
1993,69,0.0
1993,70,1.0
1993,71,69.0
1993,77,12.0
1993,79,0.0
1993,83,0.0
1993,84,13.0
1993,87,10.0
1993,88,0.0
1993,91,7.0
1993,94,0.0
1993,100,1.0
1993,102,73.0
1993,104,5.0
1993,105,0.0
1993,109,5.0
1993,110,0.0
1993,111,0.0
1993,112,2.0
1993,117,99.0
1993,118,4.0
1993,119,20.0
1993,120,2.0
1993,121,7.0
1993,122,0.0
1993,123,0.0
1993,124,0.0
1993,125,0.0
1993,126,0.0
1994,14,14.0
1994,22,19.0
1994,30,92.0
1994,44,9.0
1994,49,7.0
1994,50,10.0
1994,55,24.0
1994,56,6.0
1994,57,26.0
1994,63,0.0
1994,65,0.0
1994,70,0.0
1994,71,91.0
1994,77,41.0
1994,78,6.0
1994,79,5.0
1994,81,3.0
1994,83,0.0
1994,84,16.0
1994,85,0.0
1994,87,8.0
1994,88,0.0
1994,89,0.0
1994,91,4.0
1994,92,0.0
1994,93,0.0
1994,94,4.0
1994,95,13.0
1994,98,0.0
1994,100,2.0
1994,101,0.0
1994,102,0.0
1994,103,4.0
1994,104,6.0
1994,105,1.0
1994,106,0.0
1994,107,0.0
1994,108,0.0
1994,109,1.0
1994,110,4.0
1994,111,0.0
1994,112,0.0
1994,113,0.0
1994,114,0.0
1994,115,0.0
1994,116,0.0
1995,14,49.0
1995,22,11.0
1995,30,102.0
1995,44,16.0
1995,49,15.0
1995,50,0.0
1995,55,42.0
1995,56,10.0
1995,57,17.0
1995,63,5.0
1995,64,0.0
1995,65,45.0
1995,69,0.0
1995,71,69.0
1995,76,0.0
1995,77,31.0
1995,79,0.0
1995,81,5.0
1995,83,1.0
1995,84,7.0
1995,85,0.0
1995,86,0.0
1995,87,13.0
1995,88,1.0
1995,89,0.0
1995,90,0.0
1995,91,0.0
1995,92,0.0
1995,93,0.0
1995,94,0.0
1995,95,0.0
1995,96,3.0
1995,97,0.0
1995,98,0.0
1995,99,0.0
1996,14,18.0
1996,21,0.0
1996,22,14.0
1996,30,59.0
1996,35,78.0
1996,44,13.0
1996,49,7.0
1996,50,1.0
1996,55,47.0
1996,56,11.0
1996,57,31.0
1996,58,0.0
1996,63,5.0
1996,64,2.0
1996,65,4.0
1996,69,0.0
1996,71,97.0
1996,73,0.0
1996,77,21.0
1996,79,0.0
1996,83,0.0
1996,84,8.0
1996,85,0.0
1996,86,0.0
1997,14,36.0
1997,15,3.0
1997,21,20.0
1997,22,6.0
1997,23,13.0
1997,25,4.0
1997,30,78.0
1997,35,81.0
1997,44,16.0
1997,49,42.0
1997,50,0.0
1997,55,36.0
1997,56,24.0
1997,57,27.0
1997,58,0.0
1997,63,2.0
1997,64,2.0
1997,65,15.0
1997,71,7.0
1997,73,0.0
1997,75,2.0
1997,76,0.0
1997,77,27.0
1997,78,1.0
1997,79,0.0
1997,80,0.0
1997,81,0.0
1997,82,0.0
1998,14,56.0
1998,15,1.0
1998,21,16.0
1998,22,4.0
1998,23,14.0
1998,25,17.0
1998,30,86.0
1998,35,21.0
1998,44,0.0
1998,49,17.0
1998,50,0.0
1998,55,9.0
1998,56,47.0
1998,57,100.0
1998,63,3.0
1998,64,3.0
1998,65,1.0
1998,68,0.0
1998,71,20.0
1998,73,0.0
1998,74,0.0
1998,75,0.0
1998,76,1.0
1999,14,48.0
1999,15,7.0
1999,21,13.0
1999,22,21.0
1999,23,35.0
1999,25,3.0
1999,30,44.0
1999,35,0.0
1999,37,1.0
1999,41,0.0
1999,44,2.0
1999,48,1.0
1999,49,54.0
1999,55,2.0
1999,56,74.0
1999,57,76.0
1999,63,10.0
1999,64,3.0
1999,65,15.0
1999,68,0.0
1999,69,0.0
1999,70,0.0
1999,71,7.0
1999,72,0.0
2000,2,0.0
2000,14,73.0
2000,15,6.0
2000,18,12.0
2000,21,18.0
2000,22,62.0
2000,23,24.0
2000,25,2.0
2000,30,108.0
2000,35,17.0
2000,37,2.0
2000,41,3.0
2000,48,0.0
2000,49,11.0
2000,50,5.0
2000,54,0.0
2000,55,0.0
2000,56,4.0
2000,57,89.0
2000,60,0.0
2000,63,6.0
2000,64,0.0
2000,65,0.0
2001,2,12.0
2001,4,0.0
2001,8,9.0
2001,14,65.0
2001,15,12.0
2001,18,2.0
2001,21,8.0
2001,22,56.0
2001,23,49.0
2001,30,123.0
2001,31,31.0
2001,35,12.0
2001,37,3.0
2001,41,0.0
2001,44,5.0
2001,49,6.0
2001,50,1.0
2001,54,0.0
2001,55,5.0
2001,56,6.0
2001,57,37.0
2001,58,0.0
2001,59,0.0
2001,60,0.0
2001,61,0.0
2001,62,0.0
2002,2,7.0
2002,8,24.0
2002,11,2.0
2002,13,4.0
2002,14,41.0
2002,15,9.0
2002,17,2.0
2002,18,14.0
2002,19,0.0
2002,21,7.0
2002,22,77.0
2002,23,42.0
2002,30,144.0
2002,31,50.0
2002,35,4.0
2002,37,0.0
2002,44,3.0
2002,49,2.0
2002,56,8.0
2002,59,0.0
2002,62,0.0
2002,63,2.0
2002,66,0.0
2003,2,6.0
2003,4,55.0
2003,8,91.0
2003,11,3.0
2003,14,51.0
2003,15,33.0
2003,17,17.0
2003,18,17.0
2003,21,12.0
2003,22,65.0
2003,23,58.0
2003,30,93.0
2003,31,82.0
2003,35,6.0
2003,42,0.0
2003,43,10.0
2003,44,6.0
2003,47,0.0
2003,48,4.0
2003,49,13.0
2003,50,0.0
2003,51,1.0
2003,52,1.0
2003,53,0.0
2004,2,3.0
2004,4,59.0
2004,8,45.0
2004,10,2.0
2004,11,34.0
2004,13,12.0
2004,14,24.0
2004,15,46.0
2004,17,7.0
2004,18,85.0
2004,21,22.0
2004,22,114.0
2004,23,24.0
2004,30,148.0
2004,31,58.0
2004,32,3.0
2004,35,0.0
2004,41,0.0
2004,42,6.0
2004,43,3.0
2004,44,6.0
2004,45,0.0
2004,46,0.0
2004,47,1.0
2004,48,0.0
2005,2,28.0
2005,4,133.0
2005,8,112.0
2005,11,1.0
2005,13,11.0
2005,14,24.0
2005,15,43.0
2005,17,36.0
2005,18,37.0
2005,19,0.0
2005,21,58.0
2005,22,38.0
2005,23,45.0
2005,24,1.0
2005,25,6.0
2005,27,4.0
2005,30,62.0
2005,31,60.0
2005,32,9.0
2005,33,7.0
2005,35,9.0
2005,37,4.0
2005,38,0.0
2005,39,5.0
2005,40,3.0
2005,41,0.0
2005,42,2.0
2006,2,23.0
2006,3,4.0
2006,4,134.0
2006,8,65.0
2006,9,6.0
2006,11,0.0
2006,13,80.0
2006,14,14.0
2006,15,15.0
2006,17,7.0
2006,18,56.0
2006,21,72.0
2006,22,30.0
2006,23,20.0
2006,24,1.0
2006,26,0.0
2006,27,0.0
2006,29,0.0
2006,30,121.0
2006,31,26.0
2006,32,2.0
2006,33,0.0
2006,34,0.0
2006,35,7.0
2006,36,0.0
2006,37,19.0
2006,38,0.0
2007,1,109.0
2007,2,61.0
2007,3,20.0
2007,4,109.0
2007,5,30.0
2007,6,0.0
2007,8,110.0
2007,9,39.0
2007,11,4.0
2007,13,94.0
2007,14,14.0
2007,15,8.0
2007,16,1.0
2007,17,10.0
2007,18,6.0
2007,19,0.0
2007,20,6.0
2007,21,21.0
2007,22,0.0
2007,23,5.0
2007,24,3.0
2007,25,13.0
2007,26,0.0
2007,27,0.0
2007,28,0.0
2007,29,0.0
2008,1,98.0
2008,2,60.0
2008,3,17.0
2008,4,61.0
2008,5,53.0
2008,6,9.0
2008,7,4.0
2008,8,75.0
2008,9,75.0
2008,10,25.0
2008,11,0.0
2008,12,19.0
2008,13,97.0
2008,14,8.0
2008,15,31.0
2008,16,0.0
2008,17,21.0
2008,18,3.0
2008,19,0.0
2008,20,35.0
2008,21,0.0
2008,22,11.0
2009,1,49.0
2009,2,19.0
2009,3,34.5
2009,4,26.0
2009,5,22.0
2009,6,0.0
2009,7,2.0
2009,8,48.0
2009,9,17.0
2009,10,24.0
2009,12,0.0
2009,13,22.0
2009,15,32.5
2009,16,5.0
2009,17,69.5
2009,18,95.0
2009,20,84.0
2009,21,8.0
2009,22,77.0
2009,24,0.0
2009,67,6.0
2009,69,0.0
2009,153,0.0
2009,154,0.0
2009,155,3.0
2010,1,240.0
2010,2,6.0
2010,3,142.0
2010,4,252.0
2010,5,0.0
2010,9,136.0
2010,10,0.0
2010,13,144.0
2010,15,0.0
2010,16,47.0
2010,17,242.0
2010,18,214.0
2010,20,256.0
2010,22,47.0
2010,24,21.0
2010,29,0.0
2010,30,72.0
2010,32,0.0
2010,37,6.0
2010,67,8.0
2010,153,5.0
2010,155,32.0
2010,807,22.0
2010,808,27.0
2010,810,0.0
2010,811,0.0
2010,812,0.0
2011,1,227.0
2011,2,34.0
2011,3,89.0
2011,4,257.0
2011,5,0.0
2011,10,0.0
2011,13,118.0
2011,15,0.0
2011,16,42.0
2011,17,258.0
2011,18,270.0
2011,20,392.0
2011,22,4.0
2011,24,0.0
2011,30,76.0
2011,37,0.0
2011,39,0.0
2011,67,15.0
2011,153,26.0
2011,155,30.0
2011,808,37.0
2011,811,2.0
2011,812,0.0
2011,813,1.0
2011,814,27.0
2011,815,14.0
2011,816,0.0
2011,817,0.0
2012,1,190.0
2012,3,93.0
2012,4,278.0
2012,5,0.0
2012,8,207.0
2012,10,0.0
2012,13,122.0
2012,17,179.0
2012,18,188.0
2012,20,281.0
2012,30,49.0
2012,37,0.0
2012,39,0.0
2012,154,96.0
2012,155,60.0
2012,807,63.0
2012,808,0.0
2012,811,31.0
2012,813,45.0
2012,814,46.0
2012,815,66.0
2012,816,0.0
2012,817,10.0
2012,818,16.0
2012,819,0.0
2013,1,189.0
2013,3,171.0
2013,4,242.0
2013,5,0.0
2013,8,183.0
2013,13,112.0
2013,16,29.0
2013,17,199.0
2013,18,73.0
2013,20,397.0
2013,154,132.0
2013,807,51.0
2013,813,1.0
2013,814,48.0
2013,815,49.0
2013,817,20.0
2013,818,13.0
2013,819,0.0
2013,820,0.0
2013,821,6.0
2013,822,4.0
2013,823,0.0
2013,824,0.0
2014,1,384.0
2014,3,317.0
2014,4,161.0
2014,8,55.0
2014,13,134.0
2014,16,0.0
2014,18,126.0
2014,20,167.0
2014,154,8.0
2014,155,0.0
2014,807,96.0
2014,813,2.0
2014,815,59.0
2014,817,238.0
2014,818,22.0
2014,820,0.0
2014,821,0.0
2014,822,186.0
2014,824,2.0
2014,825,55.0
2014,826,8.0
2014,827,0.0
2014,828,0.0
2014,829,0.0
2015,1,381.0
2015,3,322.0
2015,4,11.0
2015,8,150.0
2015,13,121.0
2015,18,16.0
2015,20,278.0
2015,154,51.0
2015,807,58.0
2015,813,27.0
2015,815,78.0
2015,817,92.0
2015,822,136.0
2015,825,0.0
2015,826,95.0
2015,828,9.0
2015,829,0.0
2015,830,49.0
2015,831,27.0
2015,832,18.0
2015,833,0.0
2015,834,0.0
2016,1,380.0
2016,3,385.0
2016,4,54.0
2016,8,186.0
2016,13,53.0
2016,18,21.0
2016,20,212.0
2016,154,29.0
2016,807,72.0
2016,815,101.0
2016,817,256.0
2016,821,0.0
2016,822,85.0
2016,825,7.0
2016,826,25.0
2016,828,0.0
2016,830,204.0
2016,831,2.0
2016,832,46.0
2016,835,1.0
2016,836,1.0
2016,837,0.0
2016,838,1.0
2016,839,0.0
2017,1,363.0
2017,4,17.0
2017,8,205.0
2017,13,43.0
2017,18,0.0
2017,20,317.0
2017,154,28.0
2017,807,43.0
2017,814,0.0
2017,815,100.0
2017,817,200.0
2017,822,305.0
2017,825,19.0
2017,826,5.0
2017,828,0.0
2017,830,168.0
2017,832,54.0
2017,835,8.0
2017,836,5.0
2017,838,13.0
2017,839,87.0
2017,840,40.0
2017,841,0.0
2017,842,0.0
2017,843,0.0
2018,1,408.0
2018,4,50.0
2018,8,251.0
2018,20,320.0
2018,154,37.0
2018,807,69.0
2018,815,62.0
2018,817,170.0
2018,822,247.0
2018,825,56.0
2018,828,9.0
2018,830,249.0
2018,832,53.0
2018,838,12.0
2018,839,49.0
2018,840,6.0
2018,842,29.0
2018,843,4.0
2018,844,39.0
2018,845,1.0
2019,1,413.0
2019,8,43.0
2019,9,1.0
2019,20,240.0
2019,154,8.0
2019,807,37.0
2019,815,52.0
2019,817,54.0
2019,822,326.0
2019,825,20.0
2019,826,37.0
2019,830,278.0
2019,832,96.0
2019,840,21.0
2019,841,14.0
2019,842,95.0
2019,844,264.0
2019,846,49.0
2019,847,0.0
2019,848,92.0
2020,1,347.0
2020,8,4.0
2020,20,33.0
2020,154,2.0
2020,807,10.0
2020,815,125.0
2020,817,119.0
2020,822,223.0
2020,825,1.0
2020,826,32.0
2020,830,214.0
2020,832,105.0
2020,839,62.0
2020,840,75.0
2020,841,4.0
2020,842,75.0
2020,844,98.0
2020,846,97.0
2020,847,3.0
2020,848,105.0
2020,849,0.0
2020,850,0.0
2020,851,0.0
2021,1,385.5
2021,4,81.0
2021,8,10.0
2021,9,0.0
2021,20,43.0
2021,815,190.0
2021,817,114.0
2021,822,219.0
2021,830,388.5
2021,832,163.5
2021,839,74.0
2021,840,34.0
2021,841,3.0
2021,842,110.0
2021,844,159.0
2021,846,160.0
2021,847,16.0
2021,849,7.0
2021,852,32.0
2021,853,0.0
2021,854,0.0
2022,1,233.0
2022,4,81.0
2022,20,37.0
2022,807,0.0
2022,815,291.0
2022,817,34.0
2022,822,47.0
2022,825,21.0
2022,830,433.0
2022,832,228.0
2022,839,89.0
2022,840,18.0
2022,842,23.0
2022,844,291.0
2022,846,116.0
2022,847,262.0
2022,848,4.0
2022,849,2.0
2022,852,12.0
2022,854,12.0
2022,855,6.0
2022,856,2.0
2023,1,217.0
2023,4,198.0
2023,807,6.0
2023,815,260.0
2023,817,6.0
2023,822,10.0
2023,825,3.0
2023,830,530.0
2023,832,178.0
2023,839,56.0
2023,840,68.0
2023,842,54.0
2023,844,185.0
2023,846,184.0
2023,847,157.0
2023,848,25.0
2023,852,14.0
2023,855,6.0
2023,856,0.0
2023,857,82.0
2023,858,1.0
2023,859,2.0
2024,1,207.0
2024,4,70.0
2024,807,36.0
2024,815,138.0
2024,817,7.0
2024,822,0.0
2024,825,14.0
2024,830,399.0
2024,832,262.0
2024,839,23.0
2024,840,24.0
2024,842,40.0
2024,844,327.0
2024,846,344.0
2024,847,226.0
2024,848,12.0
2024,852,29.0
2024,855,4.0
2024,857,265.0
2024,858,0.0
2024,859,4.0
2024,860,7.0
2024,861,5.0
2024,862,0.0
